long,lat,rgb_band_1,rgb_band_2,rgb_band_3,ndvi_band_1,label
106.11751984700004,11.691813718000049,1786.0,1962.5,1665.5,0.45432326,True
106.18754801900008,11.61148520200004,2438.0,2224.0,1951.0,0.07895731,False
106.17016907400004,11.635297743000024,1403.0,1708.0,1458.0,0.5171227,False
106.18003986100004,11.650419924000062,2054.0,1847.0,1676.0,0.34397957,False
106.12113385000004,11.687245182000026,1551.5,1771.0,1533.5,0.4895122,True
106.14491664000008,11.639512194000076,1608.0,1886.0,1581.0,0.48162475,True
106.11821410700009,11.67135539700007,1674.0,1952.5,1844.0,0.4797607,False
106.14874602100008,11.677310359000046,1570.0,1832.5,1520.0,0.49936223,True
106.19250603600004,11.616803009000025,2174.0,2108.0,1892.0,0.21260414,False
106.19364930200004,11.690741244000035,2133.0,2143.0,1847.5,0.3045888,True
106.20284553900008,11.680211529000076,2770.0,2428.0,2237.0,0.13787737,False
106.14505740400004,11.674194484000054,2211.0,2206.0,2021.0,0.36019677,True
106.19178140800004,11.624028869000028,1641.0,1715.0,1650.0,0.2708287,False
106.15087898100006,11.649658018000023,1501.0,1780.0,1521.0,0.47045335,False
106.19036591000008,11.628482534000057,1950.0,1917.0,1700.0,0.26746807,False
106.18737569200005,11.683077920000072,1972.0,2061.0,1739.5,0.37277353,True
106.20515637500004,11.643722079000042,2054.0,1954.0,1704.0,0.2528192,False
106.18226520200004,11.688586230000055,2533.0,2350.0,2156.0,0.11255146,False
106.11874933300004,11.688522857000066,1754.0,1948.5,1623.0,0.46965,True
106.11654756100006,11.675776951000046,1463.5,1641.0,1437.5,0.4216558,False
106.17887995500008,11.671244877000047,1617.0,1811.0,1595.0,0.4614488,True
106.11354619200004,11.620953771000076,1362.0,1544.0,1422.0,0.49908054,False
106.19087695500008,11.617197946000031,3112.0,3104.0,2678.0,0.074635744,False
106.21630615200009,11.66014917800004,1756.0,1919.0,1697.0,0.421893,True
106.17947579700008,11.642124308000064,1562.0,1706.0,1546.0,0.44639376,False
106.14098072200004,11.683387550000075,2140.0,2057.0,1887.0,0.34254992,True
106.17453376500004,11.679211881000072,1634.5,1843.0,1548.0,0.47649932,True
106.18840927100004,11.681734977000076,1880.0,2037.0,1767.0,0.3840105,True
106.18211460600008,11.63165007300006,2506.0,2240.0,2024.0,0.25879917,True
106.11936312600004,11.621379087000037,1596.0,1835.0,1461.0,0.4362416,True
106.14138516000008,11.686634835000064,1821.0,1897.0,1722.0,0.267498,True
106.18362702700004,11.665073678000056,1623.0,1954.0,1618.0,0.45791584,True
106.19116522900003,11.642982834000064,1700.0,1938.0,1693.0,0.4344644,True
106.20985736900008,11.65422232700007,2814.0,2432.0,2110.0,0.071899734,False
106.12453719700004,11.625975924000045,1641.0,1698.0,1503.0,0.27661452,False
106.18093583400008,11.686567997000054,2155.0,2042.0,1803.0,0.29053497,True
106.14048741700007,11.675145955000062,1825.0,1975.5,1732.0,0.419206,True
106.14068418800008,11.684969636000062,1999.5,1998.0,1746.0,0.47085676,True
106.13514850900005,11.635408977000054,1902.0,1975.0,1780.0,0.38664946,True
106.15122420000004,11.67047991900006,1646.5,1771.0,1518.0,0.42605665,False
106.17457997800004,11.67765305000006,1515.0,1638.0,1455.5,0.41227815,False
106.20771220900008,11.623654164000072,1675.0,1789.0,1586.0,0.44710347,True
106.18891668900004,11.627968818000056,1499.0,1630.0,1448.0,0.4808658,False
106.17562257300004,11.680250658000034,1929.0,1929.5,1712.5,0.335515,True
106.11798934500004,11.69712592700006,1293.0,1498.5,1376.5,0.53186095,False
106.16704287500004,11.696399617000054,2255.0,2066.0,1899.0,0.31806153,True
106.20948020400004,11.633416683000064,1840.0,1919.0,1684.0,0.3715847,False
106.17756093000008,11.66457911300006,1596.0,1932.0,1624.0,0.4552901,True
106.20188060000004,11.637849352000046,1678.0,1692.0,1494.0,0.3911466,False
106.14510176900006,11.673552332000042,2004.0,1999.5,1813.0,0.39873987,True
106.11540789800004,11.695549105000056,1579.5,1810.0,1641.5,0.39759725,True
106.11364901800005,11.643806132000066,2572.0,2522.0,2328.0,0.1613955,False
106.15140698000005,11.64639352200004,1720.0,1745.0,1620.0,0.27731094,True
106.22080203800004,11.626970974000074,1508.0,1802.0,1622.0,0.3406209,False
106.21236585000008,11.653152343000045,2090.0,2052.0,1824.0,0.24738927,True
106.19567279100004,11.628361078000069,2332.0,2120.0,1960.0,0.04855161,False
106.20877472400008,11.672893676000058,1814.0,1851.0,1634.5,0.3272761,False
106.16627506800006,11.620616877000032,1686.0,1865.0,1622.0,0.33148295,True
106.12138350700008,11.622135727000057,1878.0,1809.0,1567.0,0.39836618,True
106.17853866900003,11.648794892000067,2158.0,2258.0,2032.0,0.20952381,False
106.21469049500008,11.643717137000069,2510.0,2274.0,1985.0,0.15601882,True
106.14604270800004,11.678271942000038,1864.0,1974.0,1675.0,0.4160401,True
106.14820274300008,11.67015257600002,2389.0,2244.0,2056.0,0.2808549,True
106.19169969700005,11.632508864000044,2114.0,2080.0,1808.0,0.30231023,True
106.11425023100009,11.64561203100004,1912.0,1866.0,1687.0,0.3057371,False
106.18190092300004,11.660530040000026,1538.0,1892.0,1592.0,0.53408056,True
106.15249698600007,11.68113644500005,1642.0,1801.0,1540.5,0.51101846,True
106.11469147800004,11.697581387000072,1678.0,1947.0,1574.5,0.44547257,True
106.11555867500005,11.643766455000048,1907.0,1980.0,1984.0,0.05289297,False
106.21591213500004,11.610495486000048,1620.0,1833.0,1579.0,0.45010182,True
106.17341420400004,11.661654128000066,1330.0,1588.0,1420.0,0.56578517,False
106.12175787400008,11.636566887000072,1446.0,1739.0,1447.0,0.49599165,False
106.21561588200008,11.66255132300006,3018.0,2766.0,2390.0,0.04523885,False
106.13387978500003,11.62278277200005,1828.0,1777.0,1619.0,0.40572172,False
106.11262579900004,11.659140859000049,2454.0,2216.0,1954.0,0.2321652,False
106.21193022300008,11.654475485000034,2444.0,2200.0,1982.0,0.14961725,False
106.11505350800007,11.693720228000076,1607.5,1858.0,1720.0,0.36966965,True
106.18272495100004,11.668610251000077,1913.0,1986.0,1662.0,0.4022809,True
106.15277550700004,11.625569636000025,1840.0,1781.0,1666.0,0.18331113,True
106.18373119100004,11.655285929000058,1539.0,1914.0,1592.0,0.54406756,True
106.20146075200006,11.613948075000051,1340.0,1507.0,1368.0,0.48737568,False
106.15606940100008,11.62670980100006,1678.0,1905.0,1622.0,0.46372643,True
106.18975947100004,11.662144056000043,1863.0,2010.0,1719.0,0.38626257,True
106.11195888900004,11.631323791000057,2192.0,2194.0,2007.0,0.23289588,True
106.16942978000009,11.64415985100004,1672.0,1656.0,1476.0,0.31949532,False
106.19041507100007,11.632212522000032,2176.0,2170.0,1830.0,0.32042474,True
106.11472168900008,11.695800714000027,1609.0,1789.0,1554.0,0.37840447,True
106.15398770900003,11.640307420000056,1758.0,1836.0,1572.0,0.4967077,True
106.19936645900005,11.651953001000038,1850.0,2074.0,1668.0,0.4220556,True
106.12622666000004,11.696986770000024,2545.0,2495.0,2357.0,0.04377231,False
106.22265959300006,11.636413208000022,1550.0,1812.0,1556.0,0.5196777,True
106.19886263600004,11.685932434000051,2069.0,2092.0,1851.0,0.3147872,True
106.18104941000009,11.646837877000053,1762.0,2034.0,1690.0,0.33734486,False
106.18611557100007,11.637322456000048,2184.0,2036.0,1728.0,0.37277427,True
106.17233766800004,11.68565112400006,2037.0,2122.0,1874.0,0.3316929,True
106.16348400100009,11.634384641000054,1922.0,1946.0,2534.0,0.21615008,False
106.16295807000004,11.672768034000056,1703.5,1951.0,1692.5,0.40107235,True
106.20365170900004,11.679563354000038,2251.0,2245.0,2065.0,0.23344117,False
106.17945146700004,11.647729025000046,2566.0,2274.0,2050.0,0.090393476,False
106.14100534000004,11.674567955000043,1557.0,1785.5,1504.5,0.556726,False
106.21540197100006,11.656204763000062,1812.0,1821.0,1616.0,0.3062787,False
106.11505448500009,11.69414776000002,1544.5,1822.0,1618.0,0.44903237,True
106.11890288400008,11.664856512000028,1486.0,1610.0,1454.0,0.42581144,True
106.19084430500004,11.690812536000069,1896.5,2079.0,1731.0,0.3937505,True
106.14727806900004,11.677031085000069,2241.0,2080.0,1899.0,0.19964285,True
106.14999875000008,11.630208861000028,2070.0,1963.0,1759.0,0.103896104,False
106.18796883200008,11.607424563000052,1483.0,1732.0,1472.0,0.5209175,False
106.19177498500004,11.687061838000034,1741.5,1954.5,1730.5,0.42595798,True
106.21661288700004,11.662527818000058,3974.0,3866.0,3576.0,0.06428067,False
106.17952381700007,11.672069541000042,1687.5,1826.0,1572.0,0.41573617,True
106.20019157900003,11.659349795000026,2780.0,2574.0,2338.0,0.24364032,True
106.19157907200008,11.690678822000052,1857.5,2214.0,2071.5,0.41857734,True
106.14747240000008,11.617667389000076,2032.0,1991.0,1814.0,0.33442515,False
106.12373377100003,11.698258173000056,1650.5,1761.0,1575.5,0.3392053,False
106.15018386000008,11.688115854000046,2309.0,2154.0,1844.5,0.29095656,True
106.18329482400009,11.69179979200004,2570.0,2379.0,2180.0,0.16781348,False
106.15915640900003,11.680096281000033,2305.0,2086.0,1899.0,0.31449813,True
106.13113759800008,11.688947162000034,1956.0,1863.0,1675.5,0.4043849,True
106.14592277300004,11.644120993000058,1514.0,1771.0,1568.0,0.48555896,True
106.13033695900003,11.689293702000043,1862.0,2111.0,1831.0,0.44184652,True
106.18196657000004,11.66251881900007,1789.0,1936.0,1684.0,0.313639,True
106.18773878700004,11.616584172000046,2294.0,2074.0,1951.0,0.23888521,False
106.22037409600004,11.625254292000022,1869.0,1878.0,1669.0,0.2259267,False
106.15760896100004,11.659411394000074,2082.0,2164.0,1922.0,0.2906303,False
106.21453113000004,11.643658839000068,2636.0,2382.0,2080.0,0.120747164,True
106.17953676300004,11.64752003500007,2488.0,2520.0,2384.0,0.12732375,False
106.17935520700009,11.647912464000058,2996.0,3186.0,2958.0,0.12957583,False
106.19231856000005,11.62466949800006,2094.0,1868.0,1718.0,0.12640801,False
106.19400603600008,11.607406281000069,2194.0,2048.0,1796.0,0.20822808,False
106.15149456400007,11.652107844000057,1896.0,1920.0,1712.0,0.34280762,True
106.19160903600005,11.660827227000029,2324.0,2238.0,1830.0,0.29575756,True
106.21114781000004,11.632184924000056,1850.0,1719.0,1550.0,0.4213325,True
106.17769557000008,11.664068260000022,1618.0,1894.0,1582.0,0.43048224,True
106.20532712700005,11.620953601000052,1780.0,1808.0,1553.0,0.510989,True
106.21573062200008,11.661641410000072,1510.0,1712.0,1490.0,0.45916906,False
106.19365894700007,11.613866855000026,1305.0,1581.0,1414.0,0.55770206,False
106.13401193400004,11.689176940000038,1830.0,2010.5,1740.0,0.40303376,True
106.15295679000008,11.641797406000023,1496.0,1784.0,1494.0,0.5422277,True
106.18002615500006,11.655197740000062,1504.0,1680.0,1461.0,0.46476868,False
106.12080923500008,11.700368709000031,1578.0,1687.0,1464.5,0.32693538,False
106.18098254900008,11.630757144000029,2034.0,1994.0,1692.0,0.3879025,True
106.16561352900004,11.66601173600003,2036.0,2000.0,1819.0,0.3231383,True
106.17091957500008,11.660521663000054,1774.0,1769.0,1602.0,0.32955405,True
106.13996446900006,11.692314466000028,2152.0,1978.0,1819.0,0.21816531,True
106.16454696600005,11.67913141200006,1991.0,1915.0,1721.5,0.42696792,True
106.21168075000008,11.668795236000053,2090.0,2392.0,1990.0,-0.032098766,False
106.19279765200008,11.690892080000026,2291.0,2289.0,2058.0,0.27292922,True
106.14195249300008,11.684396093000032,2172.0,2064.0,1859.0,0.342615,True
106.12413216700008,11.681940582000038,2274.0,2311.0,2199.0,0.2176157,False
106.18638582300008,11.65523708400002,2102.0,2088.0,1868.0,0.29034436,True
106.15646895300004,11.634460939000064,1824.0,1892.0,1598.0,0.4085603,True
106.21281774100004,11.65737321000006,1384.0,1624.0,1489.0,0.47054324,False
106.11744872100007,11.69958123300006,2129.0,1937.0,1701.5,0.1935606,False
106.11961413400007,11.701977234000026,1663.0,1709.0,1498.5,0.29712597,False
106.15114843100008,11.660245939000047,1970.0,2008.0,1748.0,0.33445945,True
106.18878241400004,11.609317100000055,1634.0,1807.0,1562.0,0.45768338,True
106.15723679200003,11.654141585000048,2252.0,2176.0,1820.0,0.22903116,False
106.21504646100004,11.659808097000052,2792.0,2510.0,2260.0,0.102827765,False
106.14947598400003,11.673805207000044,1946.0,1900.0,1724.0,0.23746082,False
106.12597243900008,11.700321498000053,1651.0,1813.5,1585.0,0.407713,False
106.18887495900007,11.613429776000032,3276.0,3180.0,2698.0,0.07483762,False
106.13507735300004,11.636222598000074,2152.0,2106.0,1817.0,0.31202045,True
106.18440351700008,11.668945054000062,1978.0,2134.0,1804.0,0.32926416,True
106.17229343800004,11.616981958000054,2136.0,1984.0,1870.0,0.25523013,True
106.13431660900004,11.691087755000067,1880.0,2007.0,1907.0,0.35384086,True
106.15292857800004,11.633173168000042,1860.0,2164.0,2106.0,0.08148148,False
106.13571037300004,11.689823939000064,2040.0,1905.0,1777.5,0.32684377,True
106.13912942600004,11.61793722400006,2966.0,2672.0,2316.0,0.07973938,False
106.17898567900004,11.649917785000072,1920.0,1692.0,1590.0,0.12368781,False
106.15157446800004,11.669870223000032,1900.5,1950.0,1691.5,0.37739557,True
106.21664341100006,11.657242634000056,2010.0,1935.0,1706.0,0.385509,True
106.15223475000003,11.640991664000069,1568.0,1830.0,1570.0,0.51575047,True
106.14302684000006,11.632804848000037,1346.0,1590.0,1434.0,0.5432643,False
106.19446469200004,11.672370004000072,2146.0,2138.0,1865.0,0.3380629,True
106.20299896600004,11.683780184000057,1770.5,1762.0,1551.0,0.34016585,False
106.11438589000004,11.644012686000051,2406.0,2132.0,1930.0,0.26902628,True
106.18096898200008,11.630848056000048,1916.0,2080.0,1634.0,0.4624018,True
106.18479846700006,11.665877796000077,1512.0,1766.0,1442.0,0.4709587,False
106.17447801300004,11.645363074000043,1940.0,1862.0,1644.0,0.2963366,False
106.18445742200004,11.670627449000053,1972.0,1976.0,1680.5,0.4042296,True
106.18154807300004,11.630786772000022,2140.0,2064.0,1820.0,0.29139072,True
106.14793573400004,11.689926506000065,1674.5,1856.5,1617.0,0.422088,True
106.11992529300004,11.679062295000053,1344.5,1612.0,1400.0,0.5121553,False
106.11741129000006,11.698825191000026,1814.0,1921.0,1879.5,0.063500255,False
106.14693322800008,11.628576972000076,1442.0,1640.0,1494.0,0.45687383,False
106.18612873000006,11.657917563000067,1539.0,1772.0,1512.0,0.51687336,True
106.21590255500008,11.616790939000056,1644.0,1766.0,1524.0,0.44720915,True
106.18396438000008,11.616793032000032,1650.0,1772.0,1532.0,0.39114392,False
106.21481096900004,11.616010069000026,1705.0,1844.0,1623.0,0.41459227,True
106.18853599400006,11.634825611000052,2588.0,2376.0,2154.0,0.09668412,True
106.16262678100009,11.695153893000054,2017.0,1957.0,1785.0,0.40316615,True
106.14124433700005,11.655163634000075,1628.0,1890.0,1624.0,0.502445,True
106.21195868400008,11.656952919000048,1812.0,1836.0,1624.0,0.26431182,False
106.16262413700008,11.618865837000044,1322.0,1504.0,1368.0,0.5098257,False
106.14648966100005,11.683199298000034,1993.0,1883.5,1708.0,0.35957584,True
106.18183783100004,11.65594330700003,1910.0,1987.0,1728.0,0.40994748,True
106.15484220600004,11.636015336000073,1329.0,1560.0,1429.0,0.49668622,False
106.16806294100007,11.64855819500002,1962.0,1738.0,1566.0,0.20243903,False
106.20678916700004,11.671012190000056,1470.5,1708.0,1445.5,0.48606378,False
106.21172729900007,11.619761392000044,2010.0,2000.0,1774.0,0.28175807,False
106.13734435700007,11.66432644400004,3294.0,2708.0,2122.0,0.061805755,False
106.11422820200004,11.661419443000057,2188.0,2078.0,1854.0,0.20724638,False
106.18331379800009,11.672173795000049,2068.0,2053.0,1752.0,0.3590578,True
106.18402042500009,11.67663789900007,1826.0,1931.5,1693.5,0.3801765,True
106.21359298800007,11.614567567000051,2000.0,1896.0,1674.0,0.2769342,False
106.21643417100006,11.663730796000038,4276.0,4176.0,3906.0,0.030385487,False
106.18777793200007,11.615961022000022,1619.0,1832.0,1737.0,0.34146836,True
106.18862556900008,11.630146656000022,1844.0,1866.0,1522.0,0.41939548,False
106.19539157800004,11.69533657100004,1529.0,1672.5,1453.5,0.48335868,False
106.15783167600004,11.680206877000046,1726.0,1811.0,1561.0,0.4190508,True
106.17899526900004,11.685174284000029,1912.0,1824.0,1613.0,0.3162882,True
106.11661102900004,11.65752672900004,1673.0,1882.0,1604.0,0.41246706,True
106.14196391400009,11.688171582000052,1844.5,1911.5,1705.0,0.4504283,True
106.17265618400006,11.644508968000023,1550.0,1624.0,1480.0,0.010848756,False
106.18448409800004,11.65772009500006,1878.0,1864.0,1661.0,0.32421735,True
106.15032260200007,11.660536310000056,2130.0,2050.0,1822.0,0.24947146,True
106.15260201000008,11.669324403000076,1622.0,1864.5,1597.0,0.49296656,True
106.12445159300006,11.63182021800003,1700.0,1841.0,1599.0,0.4730316,True
106.14216726500004,11.68508194800006,1909.5,1841.5,1613.0,0.4298298,True
106.14119980800004,11.625391844000037,1690.0,1714.0,1544.0,0.40261576,False
106.20429455600004,11.633670540000026,2126.0,2174.0,2164.0,0.047277614,False
106.19177319400006,11.665151541000055,1936.0,2090.0,1763.0,0.2834937,True
106.17966233800009,11.650450918000049,1678.0,1586.0,1474.0,0.35436708,False
106.20461668700004,11.63437289600006,2440.0,2388.0,2400.0,0.016129032,False
106.15737813700008,11.687888390000069,1732.5,1996.0,1757.5,0.46859902,True
106.17842531200004,11.648415260000036,2228.0,2280.0,2022.0,0.20428571,False
106.20250513500008,11.622788405000051,1836.0,1810.0,1554.0,0.47294387,True
106.16850904500006,11.664390836000052,1704.0,1907.0,1592.0,0.40935874,True
106.18573537500004,11.60905401900004,2498.0,2108.0,1876.0,0.13414212,False
106.18771501700007,11.687381610000044,1415.5,1618.0,1461.5,0.43032497,False
106.12220422300004,11.683877976000076,1673.5,1722.0,1529.5,0.33938617,False
106.16254847800008,11.676382560000036,1279.5,1519.0,1359.5,0.55738133,False
106.19066466900004,11.672522766000045,2293.0,2080.0,1940.0,0.23471005,False
106.14856872000009,11.626923570000033,1696.0,1744.0,1615.0,0.3597584,False
106.18469038100004,11.669132648000073,2078.0,2134.0,1817.0,0.33926868,True
106.19044660700006,11.626555343000064,2026.0,1894.0,1713.0,0.260314,False
106.19894518400008,11.668980143000056,1524.0,1858.0,1535.0,0.528757,True
106.11824303800006,11.66591840600006,1537.0,1764.0,1501.0,0.5651436,True
106.11370537600004,11.669039805000068,3052.0,2968.0,2704.0,0.14317799,False
106.20538615300006,11.633579414000051,2224.0,2230.0,2122.0,0.03764604,False
106.16662604500004,11.674540653000063,1870.0,1936.0,1741.0,0.31758052,True
106.14544412200009,11.676773297000068,1654.5,1889.0,1606.0,0.47329885,True
106.17054291200007,11.663460696000072,1893.0,2000.0,1759.0,0.3635905,True
106.11766060000008,11.692267266000044,2312.0,2200.0,1978.0,0.29079753,True
106.11167237700003,11.622958493000056,2002.0,1995.0,1759.0,0.33774397,True
106.20788181800005,11.603251644000068,1612.0,1832.0,1495.0,0.55738604,True
106.13472459500008,11.68949286700007,2038.0,2075.0,1990.5,0.36530676,True
106.21315268000006,11.639293598000052,1636.0,1913.0,1684.0,0.49255583,True
106.21282999000005,11.666645673000062,2776.0,2382.0,2118.0,0.069393225,False
106.20985372100004,11.606812740000066,1805.0,1808.0,1505.0,0.5377129,True
106.19031992700008,11.676600273000076,1918.0,2009.5,1699.0,0.39072427,True
106.15971844800004,11.688178983000055,1669.0,1909.5,1703.0,0.4781929,True
106.20370892600005,11.67803914700005,2155.0,2075.0,1936.0,0.22230242,True
106.20882331900005,11.623570322000036,1750.0,1672.0,1596.0,0.3448147,True
106.21653591200004,11.647093066000023,2410.0,2138.0,1802.0,0.28507861,True
106.20535005600004,11.608978860000036,2172.0,1994.0,1781.0,0.32294264,True
106.17136279900006,11.677688752000051,1993.0,2004.0,1757.0,0.3444079,True
106.20871635600008,11.603621214000045,1493.0,1732.0,1496.0,0.5846432,True
106.19691761300004,11.660362761000044,1702.0,1844.0,1617.0,0.44542196,False
106.12374337700004,11.684851337000056,1747.0,1794.0,1616.5,0.24355921,False
106.21341812700004,11.655929193000077,1502.0,1802.0,1550.0,0.48331612,False
106.21671290200004,11.630227251000065,1417.0,1588.0,1441.0,0.4565676,False
106.17653682900004,11.624461110000029,1481.0,1830.0,1540.0,0.56377023,True
106.17366062300005,11.641831699000022,1604.0,1908.0,1730.0,0.12061404,False
106.20900597900004,11.658687534000023,1380.0,1522.0,1473.0,0.043990303,False
106.18459652600006,11.648592509000023,2206.0,2084.0,2734.0,0.18205413,False
106.21574255200004,11.612256324000043,1912.0,1880.0,1637.0,0.45866364,True
106.20878307700008,11.644020641000054,2294.0,2104.0,1854.0,0.26450786,True
106.17156361300005,11.655077990000052,1710.0,1860.0,1607.0,0.4704243,True
106.16864724600003,11.686602252000055,1984.0,1951.5,1836.0,0.2090891,True
106.15607255800006,11.665866324000037,1631.0,1857.0,1550.0,0.54536587,True
106.11488032800008,11.657122220000076,1466.0,1643.0,1435.0,0.4907954,True
106.20320367600004,11.658665115000076,2754.0,2390.0,2142.0,0.24278252,True
106.18394538200003,11.676754711000058,1859.0,1901.0,1664.0,0.35902077,True
106.19128069700008,11.665437753000049,1924.0,2056.0,1730.0,0.311135,True
106.16767568200004,11.69243481500007,1972.0,2041.0,1805.5,0.33152542,True
106.18758808800004,11.609400059000052,2302.0,2144.0,1888.0,0.27882206,True
106.13780813000004,11.681220991000032,1367.0,1578.0,1403.5,0.51845,False
106.15903062200005,11.632001856000045,1399.0,1690.0,1477.0,0.49883574,False
106.16208947000004,11.684437543000058,2429.0,2215.0,2055.0,0.1942279,True
106.19544309100009,11.674045848000048,1695.0,1971.0,1670.0,0.46010512,True
106.18896115000004,11.665979733000029,2346.0,2306.0,1995.0,0.25357938,False
106.21249488200004,11.647105658000044,2030.0,1986.0,1732.0,0.30431804,False
106.11451213500004,11.643957459000037,2504.0,2262.0,2054.0,0.23867437,True
106.15928510400003,11.654484307000075,2044.0,1918.0,1738.0,0.14225766,False
106.12590358400008,11.701068530000043,1520.5,1678.0,1485.5,0.40727025,False
106.16729844000008,11.692437015000053,2151.0,2182.0,1907.0,0.31833306,True
106.19356692700006,11.69014370900004,2046.5,2037.5,1740.0,0.3420143,True
106.18315150900008,11.631645985000034,1388.0,1572.0,1406.0,0.5105783,False
106.22224833900005,11.63536447000007,1762.0,1830.0,1562.0,0.45701078,True
106.21858316000004,11.66072775400005,1858.0,1934.0,1703.0,0.3608531,False
106.18222131700009,11.654545649000056,2390.0,2306.0,2016.0,0.30984697,True
106.22121953300008,11.632331084000043,1804.0,1762.0,1571.0,0.3130236,False
106.17520537200004,11.613331307000069,1941.0,1954.0,1764.0,0.35611212,True
106.17353317700008,11.696304541000076,1742.5,1698.5,1566.0,0.2767459,True
106.15979792200004,11.67760073200003,1983.0,1906.0,1777.5,0.40739635,True
106.14174080000004,11.683158164000076,2187.0,2028.0,1844.0,0.2803554,True
106.21399141200004,11.618385851000028,2322.0,1995.0,1820.0,0.28033474,False
106.18972482600007,11.628512565000053,2920.0,3148.0,2998.0,0.07213219,False
106.11743442700003,11.692580600000042,2126.0,2008.0,1869.0,0.28090647,True
106.21634457300009,11.660311758000034,1929.0,1932.0,1735.0,0.3529017,True
106.12308046800004,11.703653373000066,1826.0,1767.0,1746.5,0.28138527,False
106.17869302100009,11.649132383000053,2482.0,2566.0,2426.0,0.12728551,False
106.20143657900007,11.668761215000076,1618.0,1830.0,1468.0,0.39918306,False
106.20250743200006,11.60633721100004,2018.0,2092.0,1786.0,-0.14985755,False
106.12871101500008,11.665362525000036,1872.0,1917.0,1629.0,0.47796988,False
106.16991813700008,11.670096107000065,2115.0,1971.5,1778.0,0.1921314,False
106.13852347400008,11.689371141000038,2205.0,2384.0,2162.0,0.27083334,False
106.14368896400003,11.683076269000026,2097.0,2035.0,1679.5,0.32119447,True
106.15940055700008,11.637991165000074,1297.0,1492.0,1372.0,0.46767905,False
106.14299916700008,11.64740697600007,1877.0,1956.0,1682.0,0.43275914,True
106.14328493500004,11.687792323000052,1927.0,1848.0,1734.0,0.28390932,True
106.17861920200004,11.668838395000025,2250.0,2284.0,2080.0,0.17552216,False
106.18662262800008,11.607174531000055,2158.0,1954.0,1802.0,0.17962365,False
106.14256276600008,11.682292483000026,1611.0,1820.0,1579.0,0.47550058,True
106.18551965600004,11.676681880000046,2264.0,2285.0,2142.0,0.25292856,False
106.21425884900005,11.660496994000027,2634.0,2304.0,2082.0,0.10438626,False
106.15971688100008,11.676788066000029,2189.0,2050.0,1868.5,0.36430958,True
106.20389193500004,11.601889777000054,1352.0,1638.0,1454.0,0.5303109,False
106.18544145200008,11.60936126200005,2494.0,2670.0,2220.0,0.1907852,False
106.21862739400008,11.63088321400005,1522.0,1745.0,1516.0,0.49785548,True
106.21131799700004,11.649971824000032,1546.0,1780.0,1507.0,0.490945,True
106.18575215800008,11.627557295000033,1612.0,1890.0,1620.0,0.43636364,True
106.17190330000004,11.66658913300006,2110.0,1942.0,1727.0,0.4143769,True
106.21802533400006,11.62857133500006,1505.0,1756.0,1435.0,0.44041643,False
106.18505306900003,11.635702367000022,2464.0,2172.0,1994.0,0.32419088,True
106.18132614000008,11.625668620000056,2328.0,2050.0,1913.0,0.2880734,True
106.16073300100004,11.653546485000048,1592.0,1634.0,1471.0,0.31703132,False
106.16353313200004,11.679022899000074,2061.0,1984.0,1730.5,0.4002619,True
106.19899229900004,11.67834552100004,2280.0,2037.0,1856.0,0.3088815,False
106.21980518300006,11.636637673000052,1926.0,1947.0,1696.0,0.3011611,True
106.21941897000004,11.64281631800003,1711.0,1888.0,1623.0,0.45466137,True
106.19088339300004,11.636991159000049,2222.0,2130.0,1845.0,0.29516256,True
106.22231016900008,11.636270060000072,1442.0,1804.0,1525.0,0.5528682,True
106.19013503400004,11.633002248000023,2498.0,2198.0,1936.0,0.28239012,True
106.13913991700008,11.656183363000023,1358.0,1708.0,1452.0,0.5230067,False
106.19119747100008,11.62132188000004,1740.0,1854.0,1538.0,0.3916084,False
106.14898739100003,11.654109275000051,2098.0,2280.0,2022.0,0.36133942,True
106.14642895600008,11.662668955000072,1744.0,1899.0,1641.0,0.39528432,True
106.13115686700009,11.695499898000037,1345.0,1573.5,1425.0,0.49944174,False
106.15148773200008,11.621555062000027,1468.0,1670.0,1470.0,0.40276647,True
106.15479955800004,11.677828156000032,2370.0,2464.0,2238.0,0.23437248,False
106.11257143400007,11.66247590200004,1957.0,1928.0,1689.0,0.31417558,False
106.19995563900004,11.614292995000028,1930.0,1798.0,1522.0,0.3298611,False
106.20857875900003,11.643589849000024,2272.0,2240.0,2022.0,0.26780534,True
106.13067037400003,11.67336064400007,2142.0,2363.0,2140.0,0.25863114,False
106.18227667300005,11.652398583000036,1963.0,2266.0,1925.0,0.24615975,False
106.21797874400004,11.623170696000043,1769.0,1841.0,1524.0,0.41665292,True
106.15586882400004,11.664958349000074,1763.0,1872.0,1575.0,0.37114322,True
106.19758935600004,11.632152399000065,2344.0,2208.0,2026.0,0.19339298,False
106.14103563200004,11.692780173000074,1867.0,1880.0,1719.5,0.4226071,True
106.15342124000004,11.68608738000006,1699.5,1948.5,1692.5,0.5012838,True
106.18821600100004,11.69007255200006,2273.0,2213.0,1930.0,0.2458527,True
106.21627256300008,11.66312064300007,1718.0,1956.0,1787.0,0.16763566,False
106.13358567800007,11.634375814000066,1560.0,1694.0,1539.0,0.421365,True
106.20443724400008,11.675974207000024,1936.0,1940.5,1711.5,0.31231683,True
106.20477449600008,11.674869362000038,1302.5,1585.5,1384.0,0.5324839,False
106.16077113300008,11.676378034000038,1874.5,1939.5,1669.0,0.33041614,True
106.18760254800009,11.686552885000026,1464.0,1645.5,1482.5,0.3650656,False
106.14581405800004,11.662457449000044,1703.0,1914.0,1656.0,0.45442897,True
106.18525215600005,11.635607825000022,2340.0,2078.0,1939.0,0.34306568,True
106.11359634800004,11.669843674000049,2019.0,1918.5,1657.0,0.25180656,False
106.17160799900005,11.673896082000056,1842.5,1881.5,1627.0,0.3504891,True
106.14240624800004,11.647478600000056,1722.0,1952.0,1589.0,0.44,True
106.17789286000004,11.646639461000063,2580.0,2574.0,2530.0,0.0626703,False
106.13161889500007,11.678995780000037,1501.5,1717.0,1503.5,0.47841945,False
106.17132181000004,11.669549879000044,1961.0,1945.5,1731.0,0.37627226,True
106.19318410100004,11.636683492000031,1781.0,1896.0,1687.0,0.31381238,True
106.21552871000004,11.615746386000067,1345.0,1628.0,1419.0,0.564443,False
106.18742872400009,11.691007050000051,2031.5,2148.0,1900.0,0.33387983,True
106.19336613100006,11.656179403000069,1656.0,1962.0,1704.0,0.44204852,True
106.20831168200004,11.641690091000044,1582.0,1769.0,1562.0,0.34055856,False
106.18217431500004,11.655838524000046,1706.0,1913.0,1692.0,0.4809857,True
106.17121971300008,11.694623587000024,1434.0,1632.0,1462.0,0.42450085,True
106.19268396900009,11.684744805000037,2724.0,2490.0,2248.0,0.14021936,False
106.20245160400005,11.639012794000053,2544.0,2896.0,2644.0,0.11727966,False
106.20475123700004,11.644541524000031,2760.0,2628.0,2344.0,0.08609272,False
106.12454862000004,11.66452431600004,2204.0,2294.0,2186.0,0.27116403,False
106.15300193700004,11.66930811900005,1883.5,1919.5,1602.5,0.41319418,True
106.17882717800006,11.649602969000057,2612.0,2628.0,2464.0,0.053965956,False
106.13810690700006,11.679975286000058,1640.5,1698.0,1520.0,0.3688564,False
106.11511661700006,11.661987201000043,1805.0,1864.0,1740.0,0.29574716,True
106.11476251200008,11.696882686000038,1571.5,1803.5,1560.0,0.43628374,True
106.16950603100008,11.614493836000063,1922.0,1924.0,1662.0,0.32879344,False
106.13098442700004,11.686046350000026,1687.5,1682.5,1527.0,0.35189632,False
106.16263524300004,11.673787116000028,1777.0,1900.0,1625.0,0.41928104,True
106.21138709000007,11.656376394000064,3068.0,2668.0,2011.0,0.124179274,False
106.13392351700008,11.63477456000004,1701.0,1856.0,1659.0,0.43043697,True
106.20697125900004,11.650585532000036,1393.0,1619.0,1442.0,0.5025888,False
106.18283878400004,11.65395198400006,1900.0,2108.0,1678.0,0.34618032,False
106.16067235400004,11.682874351000066,1915.0,1879.0,1700.5,0.24901961,False
106.11853749000004,11.622520304000034,1926.0,2019.0,1717.0,0.42797744,True
106.16337666700008,11.660548840000049,1582.0,1944.0,1621.0,0.32248393,False
106.19006516400005,11.63122171200007,2090.0,1962.0,1695.0,0.30193722,False
106.19603032900004,11.608435196000071,2384.0,2156.0,2010.0,0.20294216,False
106.11348145400008,11.663030468000043,1894.0,1835.0,1772.0,0.13436928,False
106.18156172300009,11.632778028000075,2190.0,2150.0,1865.0,0.2765114,True
106.17747592400008,11.659865453000066,1642.0,1720.0,1550.0,0.37399924,True
106.14785768600008,11.689451348000034,1834.5,1834.0,1644.5,0.43679485,True
106.14609359600009,11.688692186000026,1740.5,1864.0,1659.0,0.41823348,True
106.13698163500004,11.683607164000025,1842.0,1727.0,1558.0,0.3086883,False
106.16122777300006,11.689514725000038,1566.0,1970.5,1664.0,0.5400543,True
106.21384270500003,11.621024818000024,1593.0,1844.0,1544.0,0.3839907,True
106.19219015300008,11.685652548000064,2136.0,2076.0,1866.5,0.2507892,True
106.21644788800006,11.615346187000055,1880.0,1836.0,1622.0,0.24860112,False
106.15245966400003,11.654855993000067,2478.0,2404.0,2394.0,0.1159472,False
106.19696460000004,11.679428310000048,2043.0,1982.0,1741.0,0.28902036,True
106.19851440600009,11.691172000000051,2106.0,2065.0,1882.5,0.3018399,True
106.19698098600009,11.677969288000044,1846.0,1890.0,1689.0,0.31451914,False
106.15638775700006,11.626441825000027,1790.0,1920.0,1654.0,0.38105118,True
106.20148176600009,11.635406273000058,2720.0,2706.0,2712.0,0.10878113,False
106.19998766600008,11.652935356000055,1928.0,2240.0,1684.0,0.43026003,True
106.13746155700004,11.688021465000077,1586.0,1666.5,1489.5,0.40184802,False
106.19867732200004,11.652248766000072,2508.0,2538.0,2086.0,0.24943888,True
106.19443952600004,11.643598671000063,2152.0,2244.0,1990.0,0.2793034,False
106.11941566700004,11.689272508000045,1929.0,1963.5,1730.5,0.43703488,True
106.14803314700004,11.637718642000038,2134.0,1982.0,1772.0,0.45042494,True
106.15721077700005,11.636339289000034,1966.0,1886.0,1640.0,0.35307667,True
106.11567594100006,11.65762324900004,1432.0,1691.0,1542.0,0.51686907,True
106.11355887800003,11.64784510000004,2562.0,2764.0,2510.0,0.13299492,False
106.18885876600008,11.616099022000071,2220.0,2062.0,1843.0,0.29299363,True
106.19685357100008,11.644895720000022,1592.0,1830.0,1478.0,0.46469402,False
106.20458916200003,11.646701301000064,1526.0,1670.0,1446.0,0.42240727,False
106.14181917800003,11.687062981000054,1489.5,1650.5,1477.0,0.44561273,False
106.19476351800004,11.603820925000036,2000.0,1883.0,1679.0,0.25205684,False
106.12432030000008,11.641439287000026,1900.0,1946.0,1766.0,0.26385123,False
106.17297650100004,11.682529776000024,1849.0,2038.0,1834.5,0.39703244,True
106.18495660000008,11.637591539000027,2174.0,1972.0,1691.0,0.32839048,True
106.19888785200004,11.683213770000066,2188.0,2030.0,1804.5,0.36542922,True
106.19952263600004,11.663067866000064,1557.0,1658.0,1396.0,0.38712853,False
106.17792966500008,11.660422635000032,1920.0,1901.0,1664.0,0.31563002,True
106.21195980900006,11.644219816000032,1484.0,1762.0,1534.0,0.47301137,True
106.21312116100006,11.666162410000029,2400.0,2110.0,1792.0,0.18004782,False
106.16878715500008,11.693701986000065,1911.0,1956.0,1729.5,0.31768277,True
106.15392102100007,11.648282317000051,1352.0,1644.0,1434.0,0.55643046,False
106.15414673700008,11.636371765000035,1636.0,1991.0,1570.0,0.4553928,True
106.16103502300004,11.677830376000031,2026.0,1924.0,1732.0,0.35539293,True
106.21951192800007,11.63005984700004,1738.0,1878.0,1628.0,0.38845882,True
106.19513394100004,11.690831057000024,1663.0,1899.5,1609.0,0.46311542,True
106.14450141300004,11.683817832000043,1776.0,1888.0,1586.0,0.48862654,True
106.19607496700009,11.62500654300004,2214.0,1984.0,1727.0,0.18543047,False
106.11462870400004,11.697507209000037,1658.0,1963.0,1610.0,0.44062078,True
106.19010313200005,11.614700407000043,2030.0,2060.0,1758.0,0.3483146,False
106.21369667800008,11.659989943000028,2118.0,2210.0,1999.0,0.17022526,False
106.19346763600004,11.655813747000025,1703.0,1972.0,1680.0,0.41537935,True
106.17478555200006,11.67110764000006,3013.0,3084.0,2810.0,0.13444413,False
106.11174604200004,11.630512018000047,2110.0,2068.0,1943.0,0.26506445,True
106.19118729700004,11.653974533000053,1888.0,1957.0,1741.0,0.39910886,True
106.21178654500004,11.656260606000046,3162.0,3040.0,2342.0,0.17591868,False
106.11754038500004,11.691508273000068,1751.5,1946.0,1631.0,0.46334738,True
106.15206676200006,11.642244042000073,1500.0,1782.0,1516.0,0.52800506,True
106.17305341500008,11.69594939800004,1723.5,1745.5,1564.5,0.29343036,True
106.17258810400004,11.660787577000065,1655.0,1822.0,1566.0,0.406278,True
106.20141671200008,11.658123852000074,2144.0,2178.0,1897.0,0.35952204,True
106.16673710200008,11.687971091000064,1866.0,2004.5,1810.0,0.34834993,True
106.12706669000004,11.697232667000035,2048.0,1946.5,1720.0,0.2888889,False
106.19554599500007,11.667197943000076,1442.0,1718.0,1446.0,0.5086045,False
106.17605906000004,11.68885141800007,2227.0,2072.0,1847.5,0.2576048,True
106.18433841900008,11.608305979000022,2310.0,2224.0,1969.0,0.25937802,False
106.20758598600008,11.623336103000042,1703.0,1781.0,1531.0,0.42025533,True
106.17315798000004,11.683793101000049,1967.5,1910.0,1727.5,0.4082262,True
106.20319826500008,11.657523242000025,2758.0,2442.0,2216.0,0.2631579,True
106.14927916700007,11.631132527000034,2554.0,2436.0,2174.0,0.08785714,False
106.14712140000006,11.659890663000056,1374.0,1608.0,1408.0,0.5153439,False
106.19215737000007,11.655536497000073,1776.0,1916.0,1674.0,0.3711048,True
106.20459937100009,11.60931690700005,2244.0,2024.0,1764.0,0.3309481,True
106.16927696500004,11.692380589000038,1911.0,1935.5,1780.0,0.2292801,False
106.18004923200004,11.67307560200004,1626.0,1820.5,1571.0,0.451417,True
106.20847826900004,11.625054370000043,1618.0,1695.0,1589.0,0.3581912,True
106.14391291100009,11.687773329000038,2028.0,1889.0,1740.0,0.22911717,True
106.15737291700005,11.687601296000024,1986.0,2132.0,1852.0,0.38911104,True
106.17839152800008,11.694128317000036,2055.0,1912.0,1722.0,0.2579888,True
106.19887320500004,11.691058094000027,2158.0,2096.0,1861.0,0.24677138,True
106.17488315600008,11.68143942000006,2040.0,2003.0,2675.0,0.32248423,False
106.19117681900008,11.625241576000064,1994.0,2070.0,1678.0,0.35946032,False
106.15893487500004,11.647453676000056,1421.0,1625.0,1418.0,0.5039274,False
106.16507889800005,11.694502993000071,2025.0,2044.0,1806.0,0.3568366,True
106.16460864000004,11.66683039800006,1656.0,1938.0,1587.0,0.49014777,True
106.18361711500006,11.654086251000024,1630.0,2410.0,1553.0,0.08760145,False
106.19036693700008,11.611446276000038,2128.0,1978.0,1742.0,0.33541536,True
106.13188525400004,11.635615620000069,2174.0,2216.0,2284.0,0.2108893,False
106.18261444300003,11.66418877600006,1890.0,2030.0,1790.0,0.38616434,True
106.20289886800003,11.617938021000043,2270.0,2094.0,1826.0,0.24896608,False
106.17411537900004,11.616015934000076,2022.0,1834.0,1626.0,0.25290966,False
106.14994265300004,11.686018148000072,2118.0,2020.0,1781.5,0.26990694,False
106.17239079100004,11.616915609000046,2058.0,2016.0,1790.0,0.32079208,True
106.16842181100009,11.629448613000022,1544.0,1853.0,1562.0,0.42237186,True
106.17030245100004,11.66374636000006,1808.0,1952.0,1656.0,0.40092775,True
106.20170589100007,11.654842168000071,2682.0,2836.0,2550.0,0.18653321,False
106.20422135000004,11.66448144900005,1752.0,1726.0,1583.0,0.2672522,False
106.19483754000004,11.604402509000067,2008.0,1784.0,1652.0,0.37406483,False
106.15348370700008,11.631911076000051,1942.0,2112.0,1955.0,0.0891182,False
106.12219388400004,11.625353119000067,1588.0,1776.0,1516.0,0.4420239,True
106.17418971000006,11.680406509000022,2194.0,2054.0,1841.0,0.08773389,False
106.21480993900008,11.654646945000025,1983.0,1915.0,1726.0,0.27402526,False
106.14387702700007,11.639160623000066,1572.0,1734.0,1510.0,0.5239249,True
106.20860786000009,11.651977500000044,2558.0,2260.0,1963.0,0.07352409,False
106.18056716700004,11.645882581000023,1772.0,1966.0,2506.0,0.40972686,False
106.18883981400006,11.634668425000028,2458.0,2214.0,1969.0,0.11519078,True
106.15081914000008,11.683049607000044,1938.0,1926.5,1745.5,0.43432575,True
106.12634311100004,11.684403506000024,1508.0,1605.5,1479.0,0.47725105,False
106.14516569500006,11.68732281800004,1981.5,1947.5,1818.5,0.40383604,True
106.18270915600004,11.625252439000064,2086.0,1928.0,1780.0,0.23224144,True
106.14084877700007,11.633477993000042,2378.0,2098.0,1959.0,0.3515135,True
106.21299930800006,11.655086142000073,1783.0,1872.0,1648.0,0.46831667,False
106.17174062600009,11.695002061000023,1626.5,1803.5,1595.0,0.4043761,True
106.14444598100005,11.655733858000076,1580.0,1998.0,1651.0,0.54202896,True
106.21631365800005,11.651338519000037,1306.0,1476.0,1326.0,0.45685175,False
106.21393780500004,11.664090634000049,1526.0,1787.0,1550.0,0.45167086,False
106.12296791500006,11.702613674000077,1736.5,1760.0,2025.0,0.30183938,False
106.19569355300004,11.669707369000037,1342.5,1605.0,1379.5,0.5133666,False
106.17547950100004,11.679531989000054,2094.0,2047.0,1769.0,0.3052422,True
106.21642176100003,11.611632024000071,1958.0,1891.0,1626.0,0.45200112,True
106.15706049900004,11.679633375000035,1652.0,1821.0,1587.5,0.40090662,True
106.21200512300004,11.653773540000032,1798.0,1834.0,1615.0,0.3831904,False
106.15633269800009,11.666497434000064,1900.0,1951.0,1616.0,0.47571743,True
106.21506036200007,11.660445863000064,1878.0,1870.0,1637.0,0.36511156,False
106.18189430500009,11.653799548000052,2114.0,1917.0,1816.0,0.17000392,False
106.11608176800009,11.619655514000044,1984.0,2015.0,1725.0,0.3277994,True
106.16533601600008,11.669863036000038,1565.0,1835.0,1627.5,0.49992013,True
106.17699260600004,11.640225489000043,1416.0,1543.0,1465.0,-0.04772475,False
106.18022203600005,11.628300297000068,2362.0,2118.0,1901.0,0.19026397,False
106.20638505400008,11.633607422000068,2194.0,2212.0,2220.0,0.039824944,False
106.19060178500006,11.606745137000075,2616.0,2428.0,2150.0,0.1801943,False
106.21017019300004,11.64097554500006,2206.0,1874.0,1680.0,0.20818378,False
106.18165343200008,11.660762727000076,1747.0,1886.0,1634.0,0.38990745,True
106.13156349300004,11.693098177000024,1335.5,1623.0,1416.5,0.5354379,False
106.18238233100004,11.650949141000067,1387.0,1562.0,1545.0,0.03980616,False
106.14570095100004,11.631390564000071,1364.0,1612.0,1438.0,0.5413584,False
106.16580628400004,11.687046537000072,2105.0,1947.5,1749.0,0.22410616,True
106.18843977600004,11.632611446000055,1800.0,1944.0,1596.0,0.46010798,True
106.14002061500008,11.634754378000023,1666.0,1910.0,1714.0,0.3551384,True
106.16308091500008,11.66439715300004,1590.0,1962.0,1612.0,0.57497996,True
106.16287778300004,11.64460691000005,1346.0,1636.0,1432.0,0.4758567,False
106.11330023100004,11.657528829000055,3148.0,2538.0,1968.0,0.077373974,False
106.18580134700004,11.648149408000052,2172.0,2202.0,2742.0,0.18621206,False
106.15272997600005,11.640050355000028,2022.0,2070.0,1782.0,0.18729903,True
106.13520733400009,11.635365729000055,1902.0,1975.0,1780.0,0.38664946,True
106.15581448200004,11.634565268000074,1669.0,1906.0,1596.0,0.4665175,True
106.20472759500008,11.610295052000026,2210.0,1980.0,1745.0,0.33413678,True
106.21879111700008,11.658279500000049,1374.0,1730.0,1476.0,0.5502455,False
106.20856314900004,11.634235315000067,1822.0,1980.0,1688.0,0.45498055,False
106.19354149200008,11.656670676000031,1786.0,1970.0,1695.0,0.4008722,True
106.20240527100007,11.670387813000048,1906.0,1886.0,1686.0,0.27542293,False
106.18762810200008,11.676800265000054,2174.0,2095.0,1831.5,0.2946139,True
106.20947935500004,11.671918552000022,2234.0,2034.0,1791.5,0.20484072,True
106.17098137700005,11.629804733000071,2194.0,1954.0,1816.0,0.33494997,True
106.17539628000009,11.679184987000042,1722.0,1816.5,1572.5,0.35037252,True
106.18184063600006,11.685245208000026,1660.0,1695.0,1571.5,0.27208945,True
106.21450350000003,11.663773204000051,2654.0,2344.0,1982.0,0.14110032,False
106.21187137300006,11.653186920000053,1849.0,1966.0,1664.0,0.36362073,True
106.20505050100007,11.632932370000049,4464.0,4896.0,4400.0,0.061001264,False
106.11483150000004,11.69910782200003,1726.0,1746.0,1614.0,0.27478993,False
106.17419421800008,11.664631030000066,1776.0,1826.0,1528.0,0.31560692,False
106.19395173600007,11.655434151000064,1867.0,2000.0,1760.0,0.37254244,True
106.13747127900004,11.686632466000049,1324.5,1566.5,1391.5,0.54488444,False
106.13460973000008,11.688697661000049,1542.5,1724.0,1538.0,0.46259037,False
106.13947840800004,11.689706769000054,1754.0,1779.0,1570.0,0.3555025,False
106.14514993700004,11.654101599000056,2470.0,2200.0,2082.0,0.37830356,True
106.14285302100006,11.620278622000058,1794.0,1820.0,1592.0,0.33702883,True
106.21220945400006,11.668489880000038,1586.0,1720.0,1530.0,0.38811728,False
106.17797739800004,11.667056413000068,1790.0,1940.0,1668.0,0.3581929,True
106.20912975600004,11.603938024000058,1528.0,1752.0,1526.0,0.47346658,True
106.17921422000006,11.69253056200006,2504.0,2196.0,2004.0,0.18608809,True
106.17167835800008,11.629280767000068,1942.0,1858.0,1624.0,0.40629777,True
106.19132018300007,11.661612650000052,1548.0,1752.0,1546.0,0.4610028,True
106.15170806300004,11.679729959000042,2230.0,2045.0,1758.0,0.33925927,True
106.18028340700003,11.667334753000034,2328.0,2224.0,2044.0,0.0872378,False
106.17248682000007,11.633881330000063,2028.0,1986.0,1718.0,0.2705036,True
106.18304431400009,11.65261728400003,1496.0,1814.0,1508.0,0.053164557,False
106.18217360100004,11.660783967000045,1709.0,1905.0,1637.0,0.43902838,True
106.11353896800004,11.659844872000065,2062.0,1959.0,1783.0,0.13868004,False
106.16321118500008,11.664790805000052,1504.0,1922.0,1602.0,0.57514125,True
106.18328300600004,11.650630481000064,1547.0,1950.0,1612.0,-0.033745404,False
106.21167643800004,11.657449664000069,2656.0,2390.0,2136.0,0.07165327,False
106.18080472000008,11.611508650000076,1786.0,1845.0,1578.0,0.34314087,False
106.18744629800004,11.682433178000052,2045.5,2038.0,1743.0,0.32774627,True
106.13402676300008,11.692698750000034,1653.0,1773.5,1553.5,0.40848094,False
106.16651701800004,11.676123891000032,2096.0,1978.0,1838.0,0.36924466,True
106.12965601700004,11.64251923300003,1390.0,1648.0,1471.0,0.5231561,False
106.11710986000008,11.69258925500003,2115.0,2047.0,1823.0,0.2730085,True
106.20043148500008,11.613819032000038,1794.0,1818.0,1623.0,0.34309778,False
106.14197715100003,11.654832341000033,2238.0,2180.0,2018.0,0.44369873,True
106.20319035000004,11.659939863000034,2076.0,2078.0,1806.0,0.36552566,True
106.13053703600008,11.689346009000076,1879.0,2048.0,1805.5,0.45449266,True
106.19398850700009,11.628935932000047,2404.0,2678.0,2290.0,0.21744792,False
106.19316253300008,11.678565897000055,2006.0,2049.0,1834.0,0.2837633,True
106.21305321400008,11.653633386000024,2584.0,2184.0,1929.0,0.17994288,False
106.21293637100004,11.659295283000064,2268.0,2066.0,1813.0,0.14576271,False
106.19179249500009,11.621425399000032,1484.0,1576.0,1594.0,0.1234495,False
106.15384158600004,11.686355474000038,1716.0,1851.0,1672.5,0.49529412,True
106.16689417500004,11.693870675000028,1805.5,1927.0,1629.0,0.41903305,True
106.21331031800008,11.645043490000036,2090.0,2038.0,1836.0,0.34131736,False
106.21822194900004,11.658828820000052,1558.0,1819.0,1549.0,0.45733193,True
106.19089007100006,11.610374224000054,1634.0,1835.0,1567.0,0.44364998,False
106.16987907600009,11.652679794000052,1352.0,1566.0,1411.0,0.5389599,False
106.20252742100008,11.654249678000042,2266.0,2104.0,1820.0,0.25189832,True
106.15671322600008,11.643818318000058,1451.0,1626.0,1419.0,0.48095152,False
106.16969200500004,11.663099234000072,1731.0,1904.0,1674.0,0.41312087,True
106.11595362500007,11.662283696000031,1566.0,1744.0,1538.0,0.36676103,True
106.17987601300004,11.632062769000072,1352.0,1614.0,1431.0,0.5192034,False
106.11320667500009,11.664292173000035,2770.0,2808.0,2400.0,0.08520476,False
106.20552650000008,11.650215140000055,1786.0,1735.0,1645.0,0.16071428,False
106.19019136800004,11.676694543000051,1891.0,2019.0,1722.0,0.37228215,True
106.21361921800008,11.652254807000077,2566.0,2324.0,2066.0,0.15173554,False
106.12088482400009,11.691736966000065,1646.5,1797.5,1544.5,0.48341048,True
106.15332973300008,11.64077784500006,1688.0,1806.0,1554.0,0.47772276,True
106.20139870900005,11.661335172000063,1653.0,1790.0,1552.0,0.39967313,False
106.15789553100008,11.685929377000036,1667.0,1968.5,1753.5,0.5123592,True
106.16210466200005,11.68513252400004,2356.0,2146.0,1931.0,0.2480051,True
106.12855675400004,11.661215197000049,1672.0,1764.0,1566.0,0.41436076,False
106.15023179900004,11.63112562300006,1980.0,2002.0,1842.0,-0.03125,False
106.20781674300008,11.645134646000033,2488.0,2262.0,1990.0,0.25105357,True
106.20592216900008,11.60327159600007,1834.0,2060.0,1736.0,0.3026616,False
106.22020121300004,11.630577584000036,1476.0,1752.0,1565.0,0.53672314,True
106.11312144600004,11.678203747000056,2580.0,2466.0,2213.0,0.12140303,False
106.14811460100007,11.669672778000065,2246.0,2039.0,1831.5,0.32430807,True
106.18252638800004,11.653217802000029,1776.0,2070.0,1691.0,0.18718536,False
106.22005313000004,11.642968142000027,1670.0,1842.0,1579.0,0.49255544,True
106.15299135300006,11.653292242000076,2068.0,1911.0,1787.0,0.38488996,True
106.21673399300003,11.66326340300003,2174.0,2122.0,1906.0,0.07528711,False
106.18872075300004,11.685766160000073,2188.0,2142.0,1907.0,0.36561322,True
106.20489535800004,11.61169713700002,2062.0,2034.0,1783.0,0.26330832,True
106.12153058400008,11.703114647000064,1508.0,1737.0,1565.5,0.12882727,False
106.15626098900007,11.67407428300004,2225.0,2299.0,2052.0,0.29179597,False
106.11354433800004,11.668548728000076,2728.0,2626.0,2390.0,0.112845525,False
106.19106234900003,11.665949918000024,1913.0,2102.0,1732.0,0.35075513,True
106.18570268000008,11.63467416900005,2338.0,2158.0,1860.0,0.21345669,True
106.18132798200008,11.649547342000062,3814.0,3458.0,3186.0,-0.024442654,False
106.16632348100006,11.689876808000063,2259.0,2044.0,1881.0,0.18711767,True
106.14912207000005,11.677264536000052,1553.0,1851.0,1546.0,0.50955313,True
106.21412232300008,11.613075579000052,2040.0,1962.0,1818.0,0.40706292,False
106.14143505900005,11.688532723000035,1795.0,1773.5,1630.0,0.39388824,True
106.16872621600004,11.616219065000053,1980.0,1841.0,1728.0,0.46831363,True
106.20750176300004,11.674629091000044,1429.0,1720.5,1512.0,0.47598094,False
106.18255030000005,11.668470395000044,1694.0,1898.0,1600.0,0.43363422,True
106.20844798300004,11.672186087000057,2268.0,2113.0,1837.0,0.2452579,True
106.18572204800004,11.628116916000067,1595.0,1868.0,1574.0,0.43946582,True
106.13498154000006,11.663500667000053,1652.0,2014.0,1867.0,-0.044908285,False
106.11223421700004,11.625352056000054,1714.0,1891.0,1639.0,0.49721324,False
106.16881284300004,11.659312895000028,1416.0,1584.0,1420.0,0.50480855,False
106.20084822000004,11.659682398000028,2152.0,2244.0,2026.0,0.33042938,True
106.19429006600006,11.632637930000044,2566.0,2210.0,1930.0,0.19409548,True
106.19477494800007,11.674679192000042,2483.0,2530.0,2298.0,0.16537815,False
106.18360902000006,11.619537717000073,2504.0,2190.0,1836.0,0.17523056,False
106.20148619000008,11.639847774000032,2046.0,1997.0,1838.0,0.14927235,False
106.19426753400006,11.684546684000054,2480.0,2334.0,2060.0,0.21494144,True
106.11371494800004,11.666212018000069,2708.0,2256.0,2022.0,0.17864725,False
106.19018301600003,11.606565806000049,2688.0,2422.0,2308.0,0.119266056,False
106.20886246900004,11.672322304000032,2340.0,2054.0,1775.0,0.2203898,True
106.18967735500009,11.617471949000048,2278.0,2064.0,1892.0,0.3821535,True
106.14962214100008,11.627050631000031,1415.0,1578.0,1446.0,0.45795825,False
106.15272026000008,11.678261176000037,1870.5,1834.0,1685.0,0.284772,False
106.20924140800008,11.605873557000052,2174.0,1924.0,1718.0,0.43867803,True
106.17910633800004,11.684770030000038,1948.5,1860.5,1661.5,0.30429348,True
106.16589510400009,11.631374082000036,1526.0,1620.0,1465.0,0.27916864,False
106.18990255500006,11.606536332000076,2000.0,1964.0,1700.0,0.2942837,False
106.20416180900008,11.67651179400002,2164.0,2084.0,1907.5,0.26761994,True
106.20873418500008,11.62502960200004,1712.0,1746.0,1574.0,0.2974969,True
106.14375870500004,11.658500067000034,1385.0,1662.0,1399.0,0.4907152,False
106.12439004800008,11.65810373100004,1772.0,1954.0,1636.0,0.4294913,True
106.20880042100003,11.643061732000035,2044.0,2098.0,1890.0,0.31201616,True
106.19142184000005,11.633028263000028,2018.0,2096.0,1854.0,0.3169741,True
106.11646052500004,11.620087111000032,2036.0,1886.0,1626.0,0.39548692,True
106.14776018500004,11.678110056000037,2275.0,2154.0,1916.0,0.32542625,True
106.20851170400005,11.624151791000031,1720.0,1672.0,1636.0,0.3307393,True
106.17408354000008,11.614250672000026,1542.0,1741.0,1490.0,0.47852552,False
106.18562840400004,11.60855910600003,1814.0,1842.0,1632.0,0.32690167,False
106.20120038700009,11.636625174000072,2148.0,2092.0,1824.0,0.27334234,False
106.20738665400006,11.602924934000043,1576.0,1808.0,1472.0,0.5439155,True
106.11879342600008,11.687919109000063,1899.5,1873.0,1682.0,0.3361293,True
106.19977272100004,11.682671312000023,1620.5,1829.0,1585.0,0.4591573,False
106.19999617400003,11.604209524000057,1580.0,1780.0,1514.0,0.45328718,False
106.19412329100004,11.623731174000056,2318.0,2404.0,2078.0,0.17273377,False
106.16818758000004,11.686605061000025,2023.0,1944.5,1792.0,0.18917836,True
106.21497292700008,11.655535834000034,2050.0,1914.0,1742.0,0.29529047,True
106.15139215300007,11.670289266000054,1789.0,1923.5,1586.5,0.3594701,True
106.19335582800004,11.675888568000062,1704.0,1879.0,1624.0,0.42775586,True
106.18974032500005,11.662711366000051,1678.0,1933.0,1672.0,0.47007737,True
106.20565513300004,11.60551057400005,1982.0,1826.0,1608.0,0.44341478,True
106.16235295000008,11.662882799000045,2015.0,2011.0,1893.0,0.4710592,True
106.15999446900008,11.653782544000023,1688.0,1700.0,1545.0,0.3215434,False
106.18153715700004,11.630821127000049,2140.0,2064.0,1820.0,0.29139072,True
106.12791629500003,11.672862920000057,2222.0,2091.0,1779.5,0.25248107,False
106.19233299800004,11.643338840000068,2122.0,1996.0,1827.0,0.20583832,False
106.18995745300003,11.612352314000075,1645.0,1894.0,1616.0,0.443975,False
106.12629558500004,11.644469088000053,1317.0,1648.0,1413.0,0.52497745,False
106.18411907500004,11.65211083500003,1473.0,1720.0,1518.0,-0.004432322,False
106.14296327500004,11.683471161000057,1526.5,1808.0,1504.5,0.5474691,True
106.12073139600004,11.691732685000034,1635.0,1805.0,1543.0,0.49823537,True
106.20401222600007,11.643710550000035,2366.0,2236.0,1999.0,0.0809866,False
106.14065611700003,11.686309289000064,2067.0,2000.0,1806.5,0.3095039,True
106.19104033700006,11.686709216000054,2239.0,2235.0,1969.0,0.23733288,True
106.19801298900006,11.682694708000042,2148.0,2140.0,1833.0,0.3650606,True
106.21337460900008,11.663435751000064,1720.0,1724.0,1584.0,0.32995716,False
106.19165089900008,11.660980621000022,1655.0,1882.0,1603.0,0.38349786,True
106.18119797700004,11.653937234000068,1408.0,1648.0,1467.0,0.5230352,False
106.21631403900004,11.645414876000077,1843.0,1772.0,1569.0,0.45594096,True
106.20656334700004,11.60474533300004,1819.0,1800.0,1540.0,0.51998943,True
106.20928751400004,11.634381391000034,1872.0,1926.0,1723.0,0.31403443,False
106.11769971700004,11.680372397000042,1950.0,1907.0,1709.5,0.27367538,False
106.18470314700004,11.645944195000029,2152.0,2210.0,2916.0,0.23307198,False
106.11814937500009,11.639636143000075,1750.0,1700.0,1498.0,0.38553372,False
106.19082370700004,11.606619851000062,2520.0,2392.0,2132.0,0.18499354,False
106.11585143100008,11.667001485000071,2916.0,2556.0,2226.0,0.27928817,True
106.12702459700004,11.697593124000036,1938.0,1960.0,1849.0,0.23414345,False
106.18929141700004,11.691537632000063,2104.0,2086.0,1825.0,0.29784748,True
106.18773982900008,11.620115855000051,1682.0,1882.0,1620.0,0.43194866,True
106.21058696200004,11.600767965000044,1412.0,1678.0,1358.0,0.52208495,False
106.20759813700003,11.622612143000026,1598.0,1920.0,1604.0,0.3743148,True
106.14651969800008,11.623271887000044,1778.0,1720.0,1556.0,0.4273752,True
106.20232411100004,11.656994605000024,2864.0,2592.0,2200.0,0.20840243,True
106.11488007600008,11.700071516000037,2182.0,2016.0,1839.0,0.22767897,False
106.13355335400009,11.689290473000028,1949.0,1960.0,1735.5,0.36561152,True
106.14448096000008,11.656108948000051,1614.0,2026.0,1736.0,0.5485315,True
106.18819990300004,11.693548962000024,2064.0,2088.0,1786.0,0.30446503,True
106.17159220200004,11.66577419500004,1921.0,1983.0,1660.0,0.39638647,True
106.18309121100005,11.609178974000033,2314.0,2264.0,1956.0,0.28898448,False
106.20617333900007,11.649553552000045,1698.0,1858.0,1722.0,0.13850836,False
106.19848779500006,11.653390991000038,2122.0,2218.0,1838.0,0.3192172,True
106.18712261900004,11.606873019000034,1821.0,1713.0,1590.0,0.26940823,False
106.17502108800004,11.648106681000058,1456.0,1568.0,1457.0,0.20976934,False
106.15710635100004,11.631899082000077,2334.0,2122.0,1996.0,0.38204923,True
106.21737872800009,11.661677732000044,2586.0,2362.0,2208.0,-0.021730542,False
106.16810380100009,11.615670601000032,1382.0,1697.0,1455.0,0.521882,False
106.18592796200004,11.610266872000068,2170.0,2090.0,1843.0,0.2408606,False
106.18468655000004,11.658197630000076,1680.0,1828.0,1607.0,0.37102208,True
106.16742995500005,11.654359055000045,1428.0,1588.0,1456.0,0.34405145,False
106.19420664900008,11.64719036200006,1744.0,1930.0,1586.0,0.37736523,False
106.12526233400008,11.691118310000036,1339.0,1625.5,1420.0,0.54385966,False
106.16594089900008,11.66731115400006,1866.0,1951.0,1764.0,0.40818268,True
106.17267564900004,11.681257780000069,2053.5,2037.0,1903.0,0.37749147,True
106.13735273600008,11.693067772000065,2053.0,1957.0,1778.0,0.36128178,True
106.13406315000007,11.618967761000022,2214.0,2100.0,1921.0,0.27859238,False
106.14681747600008,11.679954485000051,1916.0,1950.5,1706.5,0.30098504,False
106.11315158000008,11.666993064000051,2336.0,2276.0,2152.0,0.1961459,False
106.13914573900009,11.673808636000048,2311.0,2663.0,2439.0,0.19736043,False
106.14390072500004,11.672787325000058,2653.0,2553.0,2392.0,0.13314818,False
106.13141279000008,11.643203364000044,2054.0,1870.0,1686.0,0.40203786,False
106.11394586800009,11.660057555000035,2288.0,2212.0,1961.0,0.2990196,False
106.16612712900007,11.61832798100005,1532.0,1830.0,1550.0,0.54431885,True
106.18948991200004,11.68330185800005,1930.0,1948.0,1735.0,0.39020538,True
106.18690667800008,11.623355634000063,1561.0,1784.0,1540.0,0.46172413,True
106.11982506900004,11.673853069000074,1371.0,1519.0,1377.0,0.45416543,False
106.21493208400004,11.647960664000038,2388.0,2050.0,1802.0,0.30052724,True
106.19252924100005,11.624279329000046,2338.0,2194.0,1800.0,0.12793733,False
106.18020172500007,11.667092152000066,2942.0,2310.0,2106.0,0.11571987,False
106.14748339700007,11.672129343000051,1856.5,2010.5,1668.0,0.4119883,True
106.19888976900006,11.668636413000058,1572.0,1856.0,1562.0,0.4896104,True
106.15753198000004,11.691287432000024,2530.0,2289.0,2090.0,0.1764323,False
106.18721939700004,11.693651673000032,1855.0,1911.5,1700.0,0.34196523,True
106.18502170200009,11.61899530900007,1738.0,1792.0,1516.0,0.37972876,False
106.13531367200004,11.66276616400006,2086.0,2294.0,2178.0,-0.0014402304,False
106.18283354300009,11.664311430000057,1973.0,2098.0,1858.0,0.35269028,True
106.11249976100004,11.666073046000063,1655.0,1698.0,1516.0,0.43389773,False
106.17792032300008,11.634865451000053,1323.0,1540.0,1411.0,0.5337445,False
106.20533018600008,11.633952416000056,2246.0,2276.0,2224.0,0.05906996,False
106.11226735200006,11.660585036000043,1714.0,1698.0,1534.0,0.3624698,False
106.14226901600004,11.655821140000056,1896.0,1987.0,1803.0,0.4900484,True
106.19332694300005,11.684492430000034,2130.0,2091.0,1863.0,0.28875533,True
106.13227390100008,11.689691638000056,2028.0,1920.0,1738.0,0.27893335,True
106.16581759400005,11.677078079000069,1616.0,1920.5,1606.0,0.48893106,True
106.16263495100009,11.654630162000046,1428.0,1526.0,1436.0,0.25235602,False
106.12353827500004,11.65262094600007,1581.0,1634.0,1500.0,0.3169151,False
106.21432229400004,11.665981315000067,1843.0,1766.0,1572.0,0.33091304,False
106.14116939500008,11.694441435000044,2335.0,2146.0,1874.5,0.2216018,False
106.14226640200008,11.618401983000068,1755.0,1780.0,1656.0,0.37688622,False
106.16504497800008,11.687152301000026,1917.5,1856.0,1624.5,0.3233348,True
106.12779374600008,11.633931490000066,1994.0,1844.0,1652.0,0.25037593,False
106.19284703200007,11.61790542700004,1580.0,1646.0,1584.0,0.1957241,False
106.19286098400003,11.67914307600006,1988.5,2037.0,1805.0,0.28618863,True
106.16788349100004,11.694938425000032,1944.0,2004.5,1760.5,0.36298844,True
106.14668357000004,11.68364587700006,1964.0,1888.5,1684.5,0.41438687,True
106.19277866500003,11.652683067000057,2268.0,2106.0,1824.0,0.28068507,True
106.19706969100008,11.681089889000075,2001.5,1782.0,1612.5,0.2464232,False
106.15991681400004,11.673088841000038,1561.5,1659.5,1478.5,0.38997948,False
106.20102487600008,11.65809435500006,1916.0,2012.0,1753.0,0.37180328,True
106.18777342600004,11.616242077000038,1928.0,1966.0,1858.0,0.32892448,True
106.18892262500005,11.681431559000032,1824.5,1976.0,1673.5,0.37719747,True
106.14263779300006,11.656377126000052,1928.0,1916.0,1644.0,0.4569014,True
106.18138747800003,11.660814553000025,1737.0,1916.0,1641.0,0.39802462,True
106.20942270100004,11.624804174000076,1608.0,1864.0,1624.0,0.3703994,True
106.21929921800006,11.659171912000032,1952.0,1820.0,1634.0,0.19305497,False
106.13745209100004,11.676253634000034,1362.0,1662.0,1419.0,0.50607437,False
106.18148630500008,11.68780690400007,2517.0,2254.0,2159.0,0.15338042,False
106.11998224200003,11.682642205000036,1282.0,1538.0,1351.5,0.5404606,False
106.15624231400004,11.695630787000027,1547.0,1737.5,1494.0,0.49103472,False
106.14949904600007,11.668379185000047,2440.0,2178.0,1937.0,0.24807397,True
106.11367675000008,11.640778496000053,2364.0,2268.0,2068.0,0.14192377,False
106.14971752000008,11.68920941400006,2331.0,2225.0,2058.0,0.28922093,True
106.16906524900008,11.664259707000042,1698.0,1924.0,1612.0,0.40337315,True
106.14809446000004,11.654023879000022,2484.0,2262.0,2166.0,0.22640921,True
106.21782545400004,11.64606654100004,1406.0,1704.0,1438.0,0.520954,False
106.14694432800007,11.689474222000058,1702.0,1847.0,1577.5,0.49345237,True
106.16530215900008,11.670030316000066,1636.5,1823.0,1644.0,0.51035976,True
106.16454180700003,11.657200437000029,1534.0,1539.0,1479.0,0.21333334,False
106.15481506500004,11.638782755000022,1606.0,1814.0,1542.0,0.5201673,False
106.16845899700007,11.630333541000027,1546.0,1814.0,1526.0,0.44923407,True
106.18533989500008,11.641549780000048,3576.0,3106.0,2670.0,0.035598706,False
106.13275339800003,11.625149042000032,2658.0,2228.0,2046.0,0.17247821,False
106.18153028100004,11.651404305000028,1597.0,1661.0,1662.0,0.04571258,False
106.19103178200004,11.607252819000053,2760.0,2610.0,2222.0,0.12241653,False
106.18763942000004,11.623546704000034,1546.0,1766.0,1522.0,0.44026068,True
106.17307627200006,11.67930640000003,1820.0,1732.5,1566.0,0.2338455,False
106.16736074100004,11.688864886000031,1856.0,1902.0,1726.5,0.2586379,False
106.15473428000008,11.66473252800006,3620.0,3248.0,2842.0,0.07981698,False
106.11910376200008,11.633413523000058,1817.0,1946.0,1673.0,0.4101607,False
106.18407393000004,11.69473926200004,2036.0,1955.0,1693.5,0.23227753,True
106.11446386500006,11.686755998000024,1928.0,1942.0,1951.5,0.06814887,False
106.18535615100006,11.60979362200004,1628.0,1879.0,1612.0,0.50904703,False
106.22225663400008,11.641879567000046,1367.0,1631.0,1434.0,0.53621715,False
106.20094290700006,11.602619223000032,2024.0,2162.0,1824.0,-0.13484721,False
106.20495370600008,11.657515558000055,1550.0,1766.0,1534.0,0.44563663,False
106.18942079700008,11.685360708000076,2127.0,2168.0,1947.0,0.3709892,True
106.17119451600009,11.643654759000071,1432.0,1620.0,1437.0,0.46517274,False
106.19612665200005,11.652411025000047,1949.0,2013.0,1727.0,0.34935737,True
106.17953752600005,11.681512800000064,1919.0,2030.0,1899.0,0.24641664,False
106.21474350900009,11.655240284000058,2028.0,1928.0,1758.0,0.24916698,True
106.18038800400006,11.673691220000023,1527.0,1781.5,1525.5,0.47462583,True
106.21413777800008,11.663042227000062,1993.0,1928.0,1807.0,0.22194026,False
106.20524339300005,11.60435953600006,1582.0,1886.0,1535.0,0.60967183,True
106.19015584000005,11.687565707000031,2293.0,2168.0,1891.0,0.35743308,True
106.14676526900008,11.626303690000045,1681.0,1747.0,1601.0,0.4166233,True
106.15920362500005,11.684415252000065,2237.0,2123.0,1865.5,0.26931244,True
106.11385745200003,11.646418640000036,1696.0,1796.0,1668.0,0.2948025,False
106.14543935400008,11.663869715000033,1740.0,1918.0,1648.0,0.4016506,True
106.20594040800006,11.64727840200004,2152.0,1998.0,1759.0,0.16621464,False
106.17062161200003,11.642134404000046,1438.0,1654.0,1412.0,0.47403073,False
106.18864042600006,11.635161332000052,2384.0,2216.0,2070.0,0.122238584,True
106.16401192400008,11.67628654300006,1546.5,1935.0,1620.0,0.5170583,True
106.21893614200008,11.637563276000035,2352.0,2172.0,2060.0,0.11844078,False
106.11546455200003,11.672580045000077,1548.5,1685.0,1482.5,0.4522462,False
106.20415072600008,11.604646097000057,1742.0,1858.0,1542.0,0.55275995,False
106.11249246200003,11.637288905000048,1948.0,2016.0,1611.0,0.17909819,False
106.19449609500003,11.672635343000024,2271.0,2243.0,1970.0,0.30899134,True
106.11951382400008,11.69048220700006,1916.0,2011.0,1812.5,0.44495943,True
106.14395519800009,11.617470285000024,2654.0,2470.0,2162.0,0.15221211,False
106.16236562600004,11.663658750000025,2196.0,1970.0,1896.0,0.3976961,True
106.19030880200006,11.687267210000073,2222.0,2210.0,1894.0,0.40687355,True
106.18841701800004,11.618165253000027,1572.0,1825.0,1568.0,0.45867768,True
106.18562797200008,11.623164083000065,1425.0,1538.0,1400.0,0.39974725,True
106.17654560400004,11.683164076000024,1919.5,1906.5,1744.0,0.3285527,False
106.16224766600004,11.691994160000036,1986.0,2075.0,1733.0,0.4003623,False
106.17819169900008,11.664814484000033,1702.0,1871.0,1590.0,0.4145167,True
106.21193862200003,11.664853966000068,2310.0,2180.0,1976.0,0.21508664,False
106.16595683500007,11.61850091200006,1522.0,1781.0,1514.0,0.49950674,True
106.12397720200003,11.704170638000052,1615.5,1732.5,1513.5,0.37084997,False
106.18498031600006,11.68946517200004,2027.0,1915.0,1702.0,0.29800865,True
106.14699054700009,11.625236538000024,1490.0,1750.0,1503.0,0.5084131,True
106.11600926200003,11.699130289000038,1909.0,1903.5,1879.0,0.0728509,False
106.21397827100007,11.656503395000072,1922.0,1862.0,1786.0,0.14234717,False
106.21027497100005,11.624892567000074,1578.0,1867.0,1609.0,0.39096874,True
106.17488164700006,11.623878441000045,1724.0,1900.0,1644.0,0.37490934,True
106.16478893600004,11.692420609000068,2289.0,2111.0,1897.0,0.2664637,True
106.19040302800003,11.675409770000044,2018.5,2171.0,1742.0,0.36006975,True
106.18831896300009,11.691075347000035,2003.5,1931.0,1754.0,0.28099766,True
106.17038071300004,11.661003402000064,1348.0,1662.0,1417.0,0.5009256,False
106.14026935100009,11.689959522000038,1935.5,1950.5,1761.5,0.3124334,False
106.16699422300007,11.682759159000057,1923.0,2027.5,1815.0,0.3462519,True
106.21452716100003,11.60692038600007,1355.0,1586.0,1400.0,0.5082562,False
106.15625497600008,11.667852696000068,1960.0,1928.0,1640.0,0.41527447,True
106.14833264700007,11.677334931000075,2235.0,2069.0,1826.0,0.27705,True
106.15454869700004,11.66325380400002,1552.0,1756.0,1578.0,-0.025099074,False
106.14711708900006,11.621688353000025,1610.0,1727.0,1526.0,0.45219463,True
106.19826292200008,11.679023464000068,2464.0,2244.0,2012.0,0.2629375,True
106.16322125000003,11.68479784400006,2346.0,2144.0,1915.5,0.21301576,True
106.18659748300009,11.608912343000044,2014.0,2174.0,1939.0,0.2822523,False
106.15790461500006,11.682173115000069,2065.0,2047.0,1770.5,0.33419314,True
106.11527891600008,11.66020022500004,1732.0,1728.0,1529.0,0.34468406,False
106.15492789100004,11.695080473000075,1829.5,1768.0,1580.0,0.30772868,False
106.14423893700004,11.635237526000026,2004.0,1970.0,1648.0,0.2788773,True
106.19265901300008,11.623713116000031,2208.0,1994.0,1740.0,0.2612914,False
106.15591486900009,11.686283243000048,2224.0,2070.0,1958.5,0.35741115,True
106.18549894300008,11.622896224000044,1604.0,1735.0,1537.0,0.409643,True
106.15777623800004,11.636569187000076,1918.0,2020.0,1725.0,0.35355577,True
106.20966007100009,11.671065920000046,2244.0,2114.0,1868.0,0.26780325,True
106.18186622900004,11.652145404000066,2074.0,2166.0,1958.0,0.1746916,False
106.11606703000004,11.691411136000056,1690.0,1709.0,1535.5,0.29671243,False
106.12670957700004,11.701807039000071,1670.5,1813.0,1563.0,0.36392194,False
106.21231498200008,11.655470132000062,2028.0,1880.0,1726.0,0.25495958,False
106.13740069300007,11.662966459000074,3032.0,4112.0,3240.0,0.12395261,False
106.18266411000008,11.632884303000026,1706.0,1752.0,1552.0,0.20484735,True
106.11297357300003,11.667742013000066,2144.0,1994.0,1844.0,0.1895672,False
106.21550757700004,11.64834512300007,2236.0,2042.0,1884.0,0.32160193,True
106.17156455800004,11.644198096000023,1352.0,1497.0,1370.0,0.43383583,False
106.13301452600004,11.690436963000025,1953.5,1972.5,1863.5,0.31474173,True
106.20560874900008,11.620393830000069,1814.0,1746.0,1570.0,0.37919232,True
106.17880659200004,11.649408954000023,2066.0,1786.0,1622.0,0.11024979,False
106.12791018000009,11.693544625000072,1369.0,1647.0,1451.0,0.48591813,False
106.19161526100004,11.642932833000032,1850.0,1936.0,1715.0,0.39364144,True
106.19440290300008,11.632564547000072,2484.0,2162.0,1836.0,0.21367522,True
106.19770088000008,11.605044177000025,1414.0,1640.0,1416.0,0.4633776,False
106.21868218000009,11.63465960900004,1677.0,1761.0,1580.0,0.3837957,False
106.11443227200004,11.656309666000029,1469.0,1619.0,1476.0,0.4732879,False
106.20314648100003,11.623581216000048,2224.0,1911.0,1728.0,0.39101863,True
106.19967383500004,11.612474300000033,1830.0,1963.0,1709.0,0.2656501,False
106.17025000700004,11.668664702000058,2140.0,1938.0,1846.0,0.40818584,True
106.14730549700003,11.663306920000023,1694.0,1886.0,1652.0,0.40561405,True
106.19114876800006,11.661721132000023,1556.0,1770.0,1540.0,0.44048902,True
106.20386671600004,11.660677849000024,1626.0,1831.0,1618.0,0.48200065,False
106.11749445800008,11.622581060000073,1467.0,1836.0,1538.0,0.55484754,True
106.17979996100009,11.637925259000042,1344.0,1476.0,1410.0,-0.029490616,False
106.18231185000008,11.654862674000071,1964.0,1997.0,1708.0,0.39429453,True
106.16046579700009,11.655914670000072,1454.0,1538.0,1436.0,0.31415093,False
106.20562176600004,11.64471827400007,1961.0,1948.0,1673.0,0.32203975,False
106.16755889000008,11.620729395000067,2106.0,2018.0,1772.0,0.35527322,True
106.21156599800008,11.650303854000072,1507.0,1724.0,1420.0,0.52059805,True
106.13639208400008,11.67840215800004,1358.5,1643.5,1437.5,0.50032187,False
106.18708841300008,11.665430559000072,1604.0,1881.0,1718.0,0.33222315,True
106.14512065200006,11.626550375000022,1966.0,1840.0,1648.0,0.41540292,False
106.18873423200004,11.613272680000025,3172.0,3084.0,2824.0,0.116188355,False
106.21979309600005,11.62593875400006,1948.0,1786.0,1628.0,0.11815301,False
106.12863229500005,11.687130356000068,1840.0,1732.5,1624.0,0.29864684,False
106.15924585500004,11.684447065000027,2275.0,2112.0,1912.0,0.25931954,True
106.13933464500008,11.63538883600006,1690.0,1996.0,1826.0,0.4182444,True
106.11170050600003,11.659021508000023,1432.0,1696.0,1476.0,0.51358694,False
106.18508501600007,11.606365254000025,3068.0,2810.0,2532.0,0.11763014,False
106.14253097300008,11.619722783000045,1800.0,1804.0,1590.0,0.33896437,True
106.19651198400004,11.63045230700004,3308.0,3636.0,3096.0,0.061427154,False
106.18971165400006,11.609885821000034,1532.0,1612.0,1592.0,0.21516393,False
106.13698546900008,11.688933371000076,1725.0,1810.0,1614.0,0.27794057,False
106.18397964700004,11.622154935000026,1768.0,1934.0,1660.0,0.42671853,True
106.18295284000004,11.676746618000038,2064.5,2108.0,1824.5,0.31269246,True
106.12202547000004,11.673462135000022,1732.5,1862.0,1625.0,0.3953407,False
106.18380830400008,11.645357068000068,2156.0,2260.0,2958.0,0.20764425,False
106.19749630500009,11.680681871000049,2365.0,2158.0,1937.5,0.22203948,True
106.21834963900004,11.658979677000048,1530.0,1788.0,1558.0,0.4948828,True
106.11575466800008,11.62398232000004,3050.0,2830.0,2494.0,0.11747685,False
106.15528701800008,11.631911629000058,2250.0,2342.0,2082.0,0.37931034,True
106.19715876800008,11.653614712000037,2238.0,2336.0,1878.0,0.31159642,True
106.19850587600008,11.671203795000054,1335.0,1593.5,1396.0,0.5226176,False
106.17639070200003,11.632401294000031,2282.0,2134.0,1884.0,0.2617276,False
106.21352940900005,11.666150784000024,2332.0,2082.0,1840.0,0.27891156,False
106.19830071000004,11.639294781000046,2494.0,2264.0,2050.0,0.16252519,False
106.16553624400008,11.68557504100005,2041.0,1937.5,1737.0,0.29982847,True
106.19362331800004,11.691829592000031,1951.5,2046.0,1786.0,0.31598318,True
106.15197469500004,11.630956583000057,3322.0,2848.0,2368.0,0.05194064,False
106.16419510600008,11.66669336600006,1578.0,1928.0,1594.0,0.47452548,True
106.15054712600003,11.674118622000035,1366.5,1682.0,1414.0,0.52140796,False
106.14452225300003,11.688516790000053,1924.0,1896.0,1696.0,0.38944864,True
106.13644559200009,11.638359665000053,1608.0,1768.0,1623.0,0.41463414,True
106.14531712900003,11.675032258000044,2210.0,2018.0,1882.0,0.3254483,True
106.15292669800004,11.640445130000046,2294.0,2036.0,1914.0,0.36708513,True
106.14657954900008,11.644142514000066,1615.0,1740.0,1576.0,0.28524008,True
106.17170932500004,11.674943984000038,1704.0,1850.5,1632.0,0.4090515,True
106.17057102200005,11.64920261900005,3276.0,2804.0,2474.0,0.09176601,False
106.17520363900007,11.69436339500004,2141.0,2038.0,1945.0,0.20445889,False
106.20602875200008,11.621044583000073,1672.0,1734.0,1552.0,0.44708994,True
106.20580492800008,11.661239915000069,3844.0,3934.0,3946.0,0.07906085,False
106.20182251900007,11.654659414000037,2184.0,2066.0,1968.0,0.397351,True
106.21654973300008,11.624721479000073,1530.0,1795.0,1540.0,0.3336237,True
106.14378957400004,11.654942021000068,2396.0,2168.0,2001.0,0.42209357,True
106.15758268500008,11.657306135000056,1610.0,1660.0,1526.0,0.35856575,False
106.15879107800004,11.64608456700006,1313.0,1572.0,1415.0,0.5321575,False
106.19322672500005,11.655211494000072,1867.0,2015.0,1755.0,0.38250372,True
106.13681019300007,11.63894687000004,1638.0,1800.0,1589.0,0.43380573,True
106.16492197200004,11.69231611300006,2216.0,2109.0,1871.0,0.29617277,True
106.14538779500003,11.647612381000044,1518.0,1646.0,1485.0,0.425544,False
106.15764402200004,11.685539765000044,1619.0,1727.5,1522.0,0.4501613,True
106.11227312300008,11.663979123000049,1653.0,1720.0,1509.0,0.41351783,False
106.14247769100004,11.672627427000066,2554.0,2760.0,2523.0,0.12877366,False
106.20160685300004,11.603827211000066,1534.0,1630.0,1505.0,0.25097656,False
106.11801033900008,11.692430828000056,1899.0,1955.0,1655.0,0.40882558,True
106.17950250800004,11.645749711000065,3494.0,3684.0,3460.0,0.08891786,False
106.14514984200008,11.673459122000054,1893.0,1905.0,1708.5,0.39919066,True
106.21104933100008,11.65634583700006,2354.0,2158.0,1926.0,0.100496754,False
106.18902649600004,11.63497744500006,2260.0,2056.0,1914.0,0.17200953,True
106.15270691800004,11.617461122000066,1538.0,1839.0,1542.0,0.48920625,False
106.14787016600008,11.678822710000077,2377.0,2175.0,1964.0,0.35205126,True
106.20083200100004,11.639238017000023,1497.0,1632.0,1495.0,0.46811157,False
106.16476909500004,11.683338887000048,1824.5,1865.5,1642.0,0.39046186,True
106.18280148600007,11.694615866000047,2013.5,1863.0,1750.0,0.21324606,True
106.18678440200004,11.649375118000023,2230.0,2202.0,2019.0,0.108,False
106.14770197000009,11.62344928400006,1622.0,1660.0,1494.0,0.4690671,True
106.18097152100006,11.650189543000067,4364.0,3920.0,3486.0,0.012557982,False
106.12308431500009,11.701405977000036,1881.0,2064.0,1939.0,0.05382294,False
106.18544715500008,11.66621180200002,1628.0,1821.0,1520.0,0.41417778,True
106.13859169300008,11.674626296000042,1364.0,1649.0,1421.5,0.56155574,False
106.13856101300009,11.683469440000067,1403.5,1698.0,1424.0,0.5324394,False
106.21269623300007,11.652718395000022,2426.0,2612.0,2298.0,0.29250512,False
106.16224839600004,11.683933073000048,2608.0,2339.0,2121.0,0.16235748,True
106.17098525200004,11.666064800000072,1731.0,1919.0,1588.0,0.48010212,True
106.19342766800008,11.622255446000054,2772.0,2892.0,2566.0,0.121673,False
106.19631885800004,11.652331194000055,1988.0,1983.0,1702.0,0.3281514,True
106.11378746900004,11.658148457000038,2300.0,2440.0,2140.0,0.21448088,False
106.21153558000007,11.643473524000058,1527.0,1850.0,1547.0,0.48818502,True
106.21614952100003,11.638460842000027,1936.0,1922.0,1738.0,0.36200362,False
106.18439824900008,11.66667179800004,1496.0,1730.0,1431.0,0.47838214,True
106.19208007600008,11.621772087000068,2562.0,2698.0,2288.0,0.12649165,False
106.14056748900003,11.69166898900005,2120.0,2079.0,1866.0,0.27903417,True
106.14114684100008,11.655212797000049,1656.0,1845.0,1615.0,0.4795726,True
106.13374516200008,11.691043454000068,2072.0,1987.0,1907.0,0.3284719,True
106.17450519700007,11.67856378700003,1520.0,1722.0,1515.0,0.42964354,True
106.14627031900004,11.637026440000056,1964.0,2038.0,1772.0,0.45170295,True
106.17686286000009,11.691777741000069,2022.0,1923.0,1731.5,0.26639456,True
106.18547384900006,11.61625868400006,1526.0,1741.0,1449.0,0.4945346,False
106.14976959800003,11.65419681000003,1797.0,2174.0,1830.0,0.44716197,True
106.20559660500004,11.621876065000038,1694.0,1806.0,1572.0,0.45852646,True
106.19821584400006,11.674403617000053,1740.0,1782.0,1550.5,0.3738755,False
106.18988353400005,11.605835278000027,2486.0,2214.0,1868.0,0.24506529,False
106.18630178500004,11.66568593100004,1846.0,1978.0,1738.0,0.28917983,True
106.20746995700004,11.613826617000027,1644.0,1789.0,1612.0,0.31755915,False
106.18075034600008,11.651677716000052,4292.0,4484.0,4078.0,0.079759866,False
106.11601434100004,11.683719887000052,1687.0,1745.0,1550.0,0.4840584,False
106.16452664800003,11.689697322000027,1888.5,1949.5,1713.0,0.28876755,True
106.12275074300004,11.699768901000027,1364.0,1515.0,1393.0,0.43949044,False
106.18182863000004,11.652613824000072,1857.0,1853.0,1714.0,0.08948272,False
106.20127488100007,11.65728265000007,2184.0,2224.0,1984.0,0.34767026,True
106.17207279500008,11.682267478000028,2093.0,1980.0,1831.0,0.22739018,False
106.18850908000007,11.615842619000034,1947.0,2050.0,1893.0,0.31696194,True
106.19253818700008,11.62197621100006,2064.0,1732.0,1614.0,0.0643699,False
106.15938639300003,11.65969859300003,1366.0,1512.0,1395.0,0.46029237,False
106.16452804400006,11.675182939000024,1885.5,1972.0,1686.0,0.3479727,True
106.15008292900006,11.654783541000027,2019.0,2032.0,1918.0,0.44707653,True
106.19198617200004,11.631525706000048,2720.0,2468.0,2090.0,0.25510064,True
106.17008490600004,11.647756634000077,3256.0,2766.0,2436.0,0.0913911,False
106.15706244000006,11.675869808000073,1909.0,1953.5,1703.0,0.4612671,True
106.11567326400008,11.689721390000043,1355.5,1637.0,1419.5,0.50379795,False
106.21750546600003,11.65618252300004,1350.0,1644.0,1448.0,0.5515695,False
106.14484936500008,11.636096524000038,1934.0,1948.0,1767.0,0.25701115,True
106.11528307700009,11.623356890000023,2290.0,2262.0,2072.0,0.2,False
106.12002178900008,11.693742504000056,1610.0,1753.0,1504.5,0.42948264,True
106.19025361000008,11.630903466000063,1874.0,1808.0,1639.0,0.26996493,False
106.19481173800004,11.68997507900002,1634.5,1898.0,1631.5,0.4681526,True
106.18578136100004,11.606391120000067,1596.0,1686.0,1568.0,0.2293578,False
106.18309158700004,11.689675923000038,2984.0,2646.0,2320.0,0.063328885,False
106.21909413100008,11.659556236000071,1706.0,1818.0,1648.0,0.45373037,True
106.11589769200005,11.695829934000074,1646.0,1825.0,1610.5,0.36027983,True
106.11519744500004,11.668309444000045,1691.0,1730.0,1472.0,0.4320739,False
106.17681308000004,11.623362107000048,2432.0,2148.0,1817.0,0.20131363,True
106.20376812300007,11.678107617000023,2315.0,2191.0,2040.0,0.17195743,True
106.15540313300004,11.637350205000075,1907.0,2011.0,1718.0,0.40434173,False
106.20304379600007,11.618988447000048,2286.0,2176.0,1924.0,0.24479683,False
106.11564190200004,11.704907400000025,1780.0,1902.0,1812.5,0.24544299,False
106.15671688300004,11.676690397000073,1623.0,1737.0,1571.0,0.3800019,False
106.19121451200004,11.617489673000025,2834.0,2588.0,2428.0,0.080765486,False
106.12186593100004,11.704580904000068,2310.0,2063.0,1879.0,0.17040761,False
