OID_,Name,FolderPath,SymbolID,AltMode,Base,Snippet,PopupInfo,HasLabel,LabelID,POINT_X,POINT_Y,POINT_Z
,1,Tân Hội.kmz/0 sắn,0,-1,0.000000000000000,,,-1,0,106.180750346000082,11.651677716000052,0.000000000000000
,2,Tân Hội.kmz/0 sắn,0,-1,0.000000000000000,,,-1,0,106.181530281000050,11.651404305000028,0.000000000000000
,3,Tân Hội.kmz/0 sắn,0,-1,0.000000000000000,,,-1,0,106.182382331000042,11.650949141000069,0.000000000000000
,4,Tân Hội.kmz/0 sắn,0,-1,0.000000000000000,,,-1,0,106.183283006000067,11.650630481000064,0.000000000000000
,5,Tân Hội.kmz/0 sắn,0,-1,0.000000000000000,,,-1,0,106.183044314000085,11.652617284000030,0.000000000000000
,6,Tân Hội.kmz/0 sắn,0,-1,0.000000000000000,,,-1,0,106.184119075000069,11.652110835000030,0.000000000000000
,7,Tân Hội.kmz/0 sắn,0,-1,0.000000000000000,,,-1,0,106.183617115000061,11.654086251000024,0.000000000000000
,8,Tân Hội.kmz/0 sắn,0,-1,0.000000000000000,,,-1,0,106.184664171000065,11.653671463000023,0.000000000000000
,9,Tân Hội.kmz/0 sắn,0,-1,0.000000000000000,,,-1,0,106.181894305000071,11.653799548000052,0.000000000000000
,10,Tân Hội.kmz/0 sắn,0,-1,0.000000000000000,,,-1,0,106.182838784000069,11.653951984000059,0.000000000000000
,11,Tân Hội.kmz/0 sắn,0,-1,0.000000000000000,,,-1,0,106.182526388000042,11.653217802000029,0.000000000000000
,13,Tân Hội.kmz/0 sắn,0,-1,0.000000000000000,,,-1,0,106.181197977000068,11.653937234000068,0.000000000000000
,14,Tân Hội.kmz/0 sắn,0,-1,0.000000000000000,,,-1,0,106.181866229000036,11.652145404000066,0.000000000000000
,15,Tân Hội.kmz/0 sắn,0,-1,0.000000000000000,,,-1,0,106.181828630000041,11.652613824000071,0.000000000000000
,16,Tân Hội.kmz/0 sắn,0,-1,0.000000000000000,,,-1,0,106.182276673000047,11.652398583000036,0.000000000000000
,17,Tân Hội.kmz/0 sắn,0,-1,0.000000000000000,,,-1,0,106.179730076000055,11.651844237000034,0.000000000000000
,18,Tân Hội.kmz/0 sắn,0,-1,0.000000000000000,,,-1,0,106.180971521000060,11.650189543000067,0.000000000000000
,19,Tân Hội.kmz/0 sắn,0,-1,0.000000000000000,,,-1,0,106.181327982000084,11.649547342000062,0.000000000000000
,20,Tân Hội.kmz/0 sắn,0,-1,0.000000000000000,,,-1,0,106.182660561000034,11.649543653000023,0.000000000000000
,21,Tân Hội.kmz/0 sắn,0,-1,0.000000000000000,,,-1,0,106.180039861000068,11.650419924000062,0.000000000000000
,22,Tân Hội.kmz/0 sắn,0,-1,0.000000000000000,,,-1,0,106.179662338000071,11.650450918000047,0.000000000000000
,23,Tân Hội.kmz/0 sắn,0,-1,0.000000000000000,,,-1,0,106.178985679000050,11.649917785000071,0.000000000000000
,24,Tân Hội.kmz/0 sắn,0,-1,0.000000000000000,,,-1,0,106.178827178000063,11.649602969000057,0.000000000000000
,25,Tân Hội.kmz/0 sắn,0,-1,0.000000000000000,,,-1,0,106.178806592000058,11.649408954000023,0.000000000000000
,26,Tân Hội.kmz/0 sắn,0,-1,0.000000000000000,,,-1,0,106.178693021000072,11.649132383000051,0.000000000000000
,27,Tân Hội.kmz/0 sắn,0,-1,0.000000000000000,,,-1,0,106.178538669000034,11.648794892000069,0.000000000000000
,28,Tân Hội.kmz/0 sắn,0,-1,0.000000000000000,,,-1,0,106.178434804000062,11.648647507000021,0.000000000000000
,29,Tân Hội.kmz/0 sắn,0,-1,0.000000000000000,,,-1,0,106.178425312000059,11.648415260000036,0.000000000000000
,30,Tân Hội.kmz/0 sắn,0,-1,0.000000000000000,,,-1,0,106.179355207000071,11.647912464000058,0.000000000000000
,31,Tân Hội.kmz/0 sắn,0,-1,0.000000000000000,,,-1,0,106.179451467000035,11.647729025000046,0.000000000000000
,32,Tân Hội.kmz/0 sắn,0,-1,0.000000000000000,,,-1,0,106.179536763000044,11.647520035000070,0.000000000000000
,33,Tân Hội.kmz/0 sắn,0,-1,0.000000000000000,,,-1,0,106.180567167000049,11.645882581000023,0.000000000000000
,34,Tân Hội.kmz/0 sắn,0,-1,0.000000000000000,,,-1,0,106.181049410000071,11.646837877000053,0.000000000000000
,35,Tân Hội.kmz/0 sắn,0,-1,0.000000000000000,,,-1,0,106.179502508000041,11.645749711000065,0.000000000000000
,36,Tân Hội.kmz/0 sắn,0,-1,0.000000000000000,,,-1,0,106.181190965000042,11.645272849000037,0.000000000000000
,37,Tân Hội.kmz/0 sắn,0,-1,0.000000000000000,,,-1,0,106.181064907000064,11.644731902000046,0.000000000000000
,38,Tân Hội.kmz/0 sắn,0,-1,0.000000000000000,,,-1,0,106.178042562000087,11.645748428000047,0.000000000000000
,39,Tân Hội.kmz/0 sắn,0,-1,0.000000000000000,,,-1,0,106.177892860000043,11.646639461000063,0.000000000000000
,40,Tân Hội.kmz/0 sắn,0,-1,0.000000000000000,,,-1,0,106.178645696000046,11.646394449000070,0.000000000000000
,41,Tân Hội.kmz/0 sắn,0,-1,0.000000000000000,,,-1,0,106.183808304000081,11.645357068000067,0.000000000000000
,42,Tân Hội.kmz/0 sắn,0,-1,0.000000000000000,,,-1,0,106.184703147000050,11.645944195000027,0.000000000000000
,43,Tân Hội.kmz/0 sắn,0,-1,0.000000000000000,,,-1,0,106.184596526000064,11.648592509000025,0.000000000000000
,44,Tân Hội.kmz/0 sắn,0,-1,0.000000000000000,,,-1,0,106.185801347000051,11.648149408000052,0.000000000000000
,45,Tân Hội.kmz/0 sắn,0,-1,0.000000000000000,,,-1,0,106.186784402000058,11.649375118000023,0.000000000000000
,46,Tân Hội.kmz/0 sắn,0,-1,0.000000000000000,,,-1,0,106.187313888000062,11.646200875000034,0.000000000000000
,47,Tân Hội.kmz/0 sắn,0,-1,0.000000000000000,,,-1,0,106.185313806000067,11.642424311000070,0.000000000000000
,48,Tân Hội.kmz/0 sắn,0,-1,0.000000000000000,,,-1,0,106.183151509000083,11.631645985000034,0.000000000000000
,49,Tân Hội.kmz/0 sắn,0,-1,0.000000000000000,,,-1,0,106.179876013000069,11.632062769000072,0.000000000000000
,50,Tân Hội.kmz/0 sắn,0,-1,0.000000000000000,,,-1,0,106.177920323000080,11.634865451000053,0.000000000000000
,51,Tân Hội.kmz/0 sắn,0,-1,0.000000000000000,,,-1,0,106.176992606000056,11.640225489000045,0.000000000000000
,52,Tân Hội.kmz/0 sắn,0,-1,0.000000000000000,,,-1,0,106.146002057000032,11.635190179000062,0.000000000000000
,53,Tân Hội.kmz/0 sắn,0,-1,0.000000000000000,,,-1,0,106.143026840000061,11.632804848000035,0.000000000000000
,54,Tân Hội.kmz/0 sắn,0,-1,0.000000000000000,,,-1,0,106.145700951000038,11.631390564000071,0.000000000000000
,55,Tân Hội.kmz/0 sắn,0,-1,0.000000000000000,,,-1,0,106.146933228000080,11.628576972000076,0.000000000000000
,56,Tân Hội.kmz/0 sắn,0,-1,0.000000000000000,,,-1,0,106.149622141000066,11.627050631000031,0.000000000000000
,57,Tân Hội.kmz/0 sắn,0,-1,0.000000000000000,,,-1,0,106.148568720000071,11.626923570000031,0.000000000000000
,58,Tân Hội.kmz/0 sắn,0,-1,0.000000000000000,,,-1,0,106.145120652000060,11.626550375000022,0.000000000000000
,59,Tân Hội.kmz/0 sắn,0,-1,0.000000000000000,,,-1,0,106.136216454000078,11.660424059000036,0.000000000000000
,60,Tân Hội.kmz/0 sắn,0,-1,0.000000000000000,,,-1,0,106.139139917000080,11.656183363000025,0.000000000000000
,61,Tân Hội.kmz/0 sắn,0,-1,0.000000000000000,,,-1,0,106.133921912000062,11.650297977000037,0.000000000000000
,62,Tân Hội.kmz/0 sắn,0,-1,0.000000000000000,,,-1,0,106.130158742000049,11.652638695000064,0.000000000000000
,63,Tân Hội.kmz/0 sắn,0,-1,0.000000000000000,,,-1,0,106.159386393000034,11.659698593000030,0.000000000000000
,64,Tân Hội.kmz/0 sắn,0,-1,0.000000000000000,,,-1,0,106.160465797000086,11.655914670000072,0.000000000000000
,65,Tân Hội.kmz/0 sắn,0,-1,0.000000000000000,,,-1,0,106.164541807000035,11.657200437000029,0.000000000000000
,66,Tân Hội.kmz/0 sắn,0,-1,0.000000000000000,,,-1,0,106.168812843000069,11.659312895000028,0.000000000000000
,67,Tân Hội.kmz/0 sắn,0,-1,0.000000000000000,,,-1,0,106.170380713000043,11.661003402000063,0.000000000000000
,68,Tân Hội.kmz/0 sắn,0,-1,0.000000000000000,,,-1,0,106.173414204000039,11.661654128000066,0.000000000000000
,69,Tân Hội.kmz/0 sắn,0,-1,0.000000000000000,,,-1,0,106.174194218000082,11.664631030000066,0.000000000000000
,70,Tân Hội.kmz/0 sắn,0,-1,0.000000000000000,,,-1,0,106.177269877000072,11.663342089000025,0.000000000000000
,71,Tân Hội.kmz/0 sắn,0,-1,0.000000000000000,,,-1,0,106.178442040000050,11.658018200000072,0.000000000000000
,72,Tân Hội.kmz/0 sắn,0,-1,0.000000000000000,,,-1,0,106.180026155000064,11.655197740000062,0.000000000000000
,73,Tân Hội.kmz/0 sắn,0,-1,0.000000000000000,,,-1,0,106.169879076000086,11.652679794000051,0.000000000000000
,74,Tân Hội.kmz/0 sắn,0,-1,0.000000000000000,,,-1,0,106.167429955000046,11.654359055000043,0.000000000000000
,75,Tân Hội.kmz/0 sắn,0,-1,0.000000000000000,,,-1,0,106.169429780000087,11.644159851000040,0.000000000000000
,76,Tân Hội.kmz/0 sắn,0,-1,0.000000000000000,,,-1,0,106.162877783000056,11.644606910000050,0.000000000000000
,77,Tân Hội.kmz/0 sắn,0,-1,0.000000000000000,,,-1,0,106.156713226000079,11.643818318000058,0.000000000000000
,78,Tân Hội.kmz/0 sắn,0,-1,0.000000000000000,,,-1,0,106.153921021000087,11.648282317000053,0.000000000000000
,79,Tân Hội.kmz/0 sắn,0,-1,0.000000000000000,,,-1,0,106.145387795000033,11.647612381000044,0.000000000000000
,80,Tân Hội.kmz/0 sắn,0,-1,0.000000000000000,,,-1,0,106.144876750000037,11.650996444000043,0.000000000000000
,81,Tân Hội.kmz/0 sắn,0,-1,0.000000000000000,,,-1,0,106.197589356000037,11.632152399000063,0.000000000000000
,82,Tân Hội.kmz/0 sắn,0,-1,0.000000000000000,,,-1,0,106.196511984000040,11.630452307000041,0.000000000000000
,83,Tân Hội.kmz/0 sắn,0,-1,0.000000000000000,,,-1,0,106.195672791000050,11.628361078000069,0.000000000000000
,84,Tân Hội.kmz/0 sắn,0,-1,0.000000000000000,,,-1,0,106.193988507000086,11.628935932000047,0.000000000000000
,85,Tân Hội.kmz/0 sắn,0,-1,0.000000000000000,,,-1,0,106.190253610000070,11.630903466000063,0.000000000000000
,86,Tân Hội.kmz/0 sắn,0,-1,0.000000000000000,,,-1,0,106.187423985000066,11.628108744000031,0.000000000000000
,87,Tân Hội.kmz/0 sắn,0,-1,0.000000000000000,,,-1,0,106.189724826000088,11.628512565000051,0.000000000000000
,88,Tân Hội.kmz/0 sắn,0,-1,0.000000000000000,,,-1,0,106.192318560000047,11.624669498000060,0.000000000000000
,89,Tân Hội.kmz/0 sắn,0,-1,0.000000000000000,,,-1,0,106.194123291000039,11.623731174000056,0.000000000000000
,90,Tân Hội.kmz/0 sắn,0,-1,0.000000000000000,,,-1,0,106.196074967000072,11.625006543000040,0.000000000000000
,91,Tân Hội.kmz/0 sắn,0,-1,0.000000000000000,,,-1,0,106.193427668000083,11.622255446000054,0.000000000000000
,92,Tân Hội.kmz/0 sắn,0,-1,0.000000000000000,,,-1,0,106.192080076000082,11.621772087000068,0.000000000000000
,93,Tân Hội.kmz/0 sắn,0,-1,0.000000000000000,,,-1,0,106.194691996000074,11.635526303000063,0.000000000000000
,94,Tân Hội.kmz/0 sắn,0,-1,0.000000000000000,,,-1,0,106.201481766000086,11.635406273000058,0.000000000000000
,95,Tân Hội.kmz/0 sắn,0,-1,0.000000000000000,,,-1,0,106.198300710000069,11.639294781000046,0.000000000000000
,96,Tân Hội.kmz/0 sắn,0,-1,0.000000000000000,,,-1,0,106.195501127000057,11.641726421000044,0.000000000000000
,97,Tân Hội.kmz/0 sắn,0,-1,0.000000000000000,,,-1,0,106.194439526000053,11.643598671000063,0.000000000000000
,98,Tân Hội.kmz/0 sắn,0,-1,0.000000000000000,,,-1,0,106.192332998000040,11.643338840000069,0.000000000000000
,99,Tân Hội.kmz/0 sắn,0,-1,0.000000000000000,,,-1,0,106.153791296000065,11.665326928000070,0.000000000000000
,100,Tân Hội.kmz/0 sắn,0,-1,0.000000000000000,,,-1,0,106.143900725000037,11.672787325000058,0.000000000000000
,101,Tân Hội.kmz/0 sắn,0,-1,0.000000000000000,,,-1,0,106.163484001000086,11.634384641000054,0.000000000000000
,102,Tân Hội.kmz/0 sắn,0,-1,0.000000000000000,,,-1,0,106.165895104000072,11.631374082000036,0.000000000000000
,103,Tân Hội.kmz/0 sắn,0,-1,0.000000000000000,,,-1,0,106.159030622000046,11.632001856000045,0.000000000000000
,104,Tân Hội.kmz/0 sắn,0,-1,0.000000000000000,,,-1,0,106.158111072000054,11.632038020000039,0.000000000000000
,105,Tân Hội.kmz/0 sắn,0,-1,0.000000000000000,,,-1,0,106.113544338000054,11.668548728000076,0.000000000000000
,106,Tân Hội.kmz/0 sắn,0,-1,0.000000000000000,,,-1,0,106.113714948000052,11.666212018000067,0.000000000000000
,107,Tân Hội.kmz/0 sắn,0,-1,0.000000000000000,,,-1,0,106.112273123000080,11.663979123000047,0.000000000000000
,108,Tân Hội.kmz/0 sắn,0,-1,0.000000000000000,,,-1,0,106.112267352000060,11.660585036000043,0.000000000000000
,109,Tân Hội.kmz/0 sắn,0,-1,0.000000000000000,,,-1,0,106.112625799000057,11.659140859000047,0.000000000000000
,110,Tân Hội.kmz/0 sắn,0,-1,0.000000000000000,,,-1,0,106.111700506000034,11.659021508000023,0.000000000000000
,111,Tân Hội.kmz/0 sắn,0,-1,0.000000000000000,,,-1,0,106.114432272000045,11.656309666000027,0.000000000000000
,112,Tân Hội.kmz/0 sắn,0,-1,0.000000000000000,,,-1,0,106.112158585000088,11.649526189000028,0.000000000000000
,113,Tân Hội.kmz/0 sắn,0,-1,0.000000000000000,,,-1,0,106.113676750000081,11.640778496000053,0.000000000000000
,115,Tân Hội.kmz/0 sắn,0,-1,0.000000000000000,,,-1,0,106.115558675000045,11.643766455000048,0.000000000000000
,116,Tân Hội.kmz/0 sắn,0,-1,0.000000000000000,,,-1,0,106.118149375000087,11.639636143000075,0.000000000000000
,117,Tân Hội.kmz/0 sắn,0,-1,0.000000000000000,,,-1,0,106.119103762000066,11.633413523000058,0.000000000000000
,118,Tân Hội.kmz/0 sắn,0,-1,0.000000000000000,,,-1,0,106.112234217000037,11.625352056000054,0.000000000000000
,119,Tân Hội.kmz/0 sắn,0,-1,0.000000000000000,,,-1,0,106.110925307000059,11.623727186000053,0.000000000000000
,120,Tân Hội.kmz/0 sắn,0,-1,0.000000000000000,,,-1,0,106.113546192000058,11.620953771000075,0.000000000000000
,121,Tân Hội.kmz/0 sắn,0,-1,0.000000000000000,,,-1,0,106.115754668000079,11.623982320000039,0.000000000000000
,122,Tân Hội.kmz/0 sắn,0,-1,0.000000000000000,,,-1,0,106.115283077000072,11.623356890000025,0.000000000000000
,123,Tân Hội.kmz/0 sắn,0,-1,0.000000000000000,,,-1,0,106.124537197000052,11.625975924000045,0.000000000000000
,124,Tân Hội.kmz/0 sắn,0,-1,0.000000000000000,,,-1,0,106.126995337000039,11.619249834000072,0.000000000000000
,125,Tân Hội.kmz/0 sắn,0,-1,0.000000000000000,,,-1,0,106.126219112000058,11.618452239000021,0.000000000000000
,126,Tân Hội.kmz/0 sắn,0,-1,0.000000000000000,,,-1,0,106.129176386000040,11.618745797000031,0.000000000000000
,127,Tân Hội.kmz/0 sắn,0,-1,0.000000000000000,,,-1,0,106.134063150000088,11.618967761000022,0.000000000000000
,128,Tân Hội.kmz/0 sắn,0,-1,0.000000000000000,,,-1,0,106.137357582000050,11.619089676000044,0.000000000000000
,129,Tân Hội.kmz/0 sắn,0,-1,0.000000000000000,,,-1,0,106.133879785000033,11.622782772000050,0.000000000000000
,130,Tân Hội.kmz/0 sắn,0,-1,0.000000000000000,,,-1,0,106.146183683000061,11.617907294000076,0.000000000000000
,131,Tân Hội.kmz/0 sắn,0,-1,0.000000000000000,,,-1,0,106.147472400000083,11.617667389000076,0.000000000000000
,132,Tân Hội.kmz/0 sắn,0,-1,0.000000000000000,,,-1,0,106.152706918000035,11.617461122000066,0.000000000000000
,133,Tân Hội.kmz/0 sắn,0,-1,0.000000000000000,,,-1,0,106.160095060000060,11.617176881000034,0.000000000000000
,134,Tân Hội.kmz/0 sắn,0,-1,0.000000000000000,,,-1,0,106.168103801000086,11.615670601000033,0.000000000000000
,135,Tân Hội.kmz/0 sắn,0,-1,0.000000000000000,,,-1,0,106.169506031000083,11.614493836000065,0.000000000000000
,136,Tân Hội.kmz/0 sắn,0,-1,0.000000000000000,,,-1,0,106.174083540000083,11.614250672000026,0.000000000000000
,137,Tân Hội.kmz/0 sắn,0,-1,0.000000000000000,,,-1,0,106.176275869000051,11.613604857000041,0.000000000000000
,138,Tân Hội.kmz/0 sắn,0,-1,0.000000000000000,,,-1,0,106.185356151000065,11.609793622000041,0.000000000000000
,139,Tân Hội.kmz/0 sắn,0,-1,0.000000000000000,,,-1,0,106.185628404000056,11.608559106000030,0.000000000000000
,140,Tân Hội.kmz/0 sắn,0,-1,0.000000000000000,,,-1,0,106.184338419000085,11.608305979000022,0.000000000000000
,141,Tân Hội.kmz/0 sắn,0,-1,0.000000000000000,,,-1,0,106.183091211000033,11.609178974000031,0.000000000000000
,142,Tân Hội.kmz/0 sắn,0,-1,0.000000000000000,,,-1,0,106.185891206000065,11.606708836000053,0.000000000000000
,143,Tân Hội.kmz/0 sắn,0,-1,0.000000000000000,,,-1,0,106.186622628000066,11.607174531000055,0.000000000000000
,144,Tân Hội.kmz/0 sắn,0,-1,0.000000000000000,,,-1,0,106.187122619000036,11.606873019000034,0.000000000000000
,146,Tân Hội.kmz/0 sắn,0,-1,0.000000000000000,,,-1,0,106.187968832000081,11.607424563000052,0.000000000000000
,147,Tân Hội.kmz/0 sắn,0,-1,0.000000000000000,,,-1,0,106.190183016000049,11.606565806000049,0.000000000000000
,148,Tân Hội.kmz/0 sắn,0,-1,0.000000000000000,,,-1,0,106.189902555000060,11.606536332000076,0.000000000000000
,149,Tân Hội.kmz/0 sắn,0,-1,0.000000000000000,,,-1,0,106.189883534000046,11.605835278000029,0.000000000000000
,150,Tân Hội.kmz/0 sắn,0,-1,0.000000000000000,,,-1,0,106.189640329000042,11.605325724000068,0.000000000000000
,151,Tân Hội.kmz/0 sắn,0,-1,0.000000000000000,,,-1,0,106.190823707000050,11.606619851000062,0.000000000000000
,152,Tân Hội.kmz/0 sắn,0,-1,0.000000000000000,,,-1,0,106.190601785000069,11.606745137000075,0.000000000000000
,153,Tân Hội.kmz/0 sắn,0,-1,0.000000000000000,,,-1,0,106.186597483000071,11.608912343000043,0.000000000000000
,154,Tân Hội.kmz/0 sắn,0,-1,0.000000000000000,,,-1,0,106.190890071000069,11.610374224000054,0.000000000000000
,155,Tân Hội.kmz/0 sắn,0,-1,0.000000000000000,,,-1,0,106.189957453000034,11.612352314000077,0.000000000000000
,156,Tân Hội.kmz/0 sắn,0,-1,0.000000000000000,,,-1,0,106.189301290000060,11.616078539000057,0.000000000000000
,157,Tân Hội.kmz/0 sắn,0,-1,0.000000000000000,,,-1,0,106.187738787000058,11.616584172000046,0.000000000000000
,158,Tân Hội.kmz/0 sắn,0,-1,0.000000000000000,,,-1,0,106.185473849000061,11.616258684000059,0.000000000000000
,159,Tân Hội.kmz/0 sắn,0,-1,0.000000000000000,,,-1,0,106.183964380000077,11.616793032000032,0.000000000000000
,160,Tân Hội.kmz/0 sắn,0,-1,0.000000000000000,,,-1,0,106.183567865000043,11.618082574000027,0.000000000000000
,161,Tân Hội.kmz/0 sắn,0,-1,0.000000000000000,,,-1,0,106.185236636000070,11.617520430000070,0.000000000000000
,162,Tân Hội.kmz/0 sắn,0,-1,0.000000000000000,,,-1,0,106.184735943000078,11.622507639000048,0.000000000000000
,163,Tân Hội.kmz/0 sắn,0,-1,0.000000000000000,,,-1,0,106.182041089000052,11.623207719000050,0.000000000000000
,164,Tân Hội.kmz/0 sắn,0,-1,0.000000000000000,,,-1,0,106.188916689000052,11.627968818000056,0.000000000000000
,165 ?,Tân Hội.kmz/0 sắn,0,-1,0.000000000000000,,,-1,0,106.190365910000082,11.628482534000057,0.000000000000000
,166,Tân Hội.kmz/0 sắn,0,-1,0.000000000000000,,,-1,0,106.188625569000067,11.630146656000022,0.000000000000000
,167,Tân Hội.kmz/0 sắn,0,-1,0.000000000000000,,,-1,0,106.190065164000032,11.631221712000070,0.000000000000000
,168,Tân Hội.kmz/0 sắn,0,-1,0.000000000000000,,,-1,0,106.191176819000077,11.625241576000064,0.000000000000000
,169,Tân Hội.kmz/0 sắn,0,-1,0.000000000000000,,,-1,0,106.190446607000069,11.626555343000064,0.000000000000000
,170,Tân Hội.kmz/0 sắn,0,-1,0.000000000000000,,,-1,0,106.191781408000054,11.624028869000028,0.000000000000000
,171,Tân Hội.kmz/0 sắn,0,-1,0.000000000000000,,,-1,0,106.192529241000045,11.624279329000046,0.000000000000000
,172,Tân Hội.kmz/0 sắn,0,-1,0.000000000000000,,,-1,0,106.192659013000082,11.623713116000033,0.000000000000000
,173,Tân Hội.kmz/0 sắn,0,-1,0.000000000000000,,,-1,0,106.192697291000059,11.622195228000066,0.000000000000000
,174,Tân Hội.kmz/0 sắn,0,-1,0.000000000000000,,,-1,0,106.192538187000082,11.621976211000060,0.000000000000000
,175,Tân Hội.kmz/0 sắn,0,-1,0.000000000000000,,,-1,0,106.191792495000072,11.621425399000032,0.000000000000000
,176,Tân Hội.kmz/0 sắn,0,-1,0.000000000000000,,,-1,0,106.191197471000066,11.621321880000039,0.000000000000000
,177,Tân Hội.kmz/0 sắn,0,-1,0.000000000000000,,,-1,0,106.192506036000054,11.616803009000023,0.000000000000000
,178,Tân Hội.kmz/0 sắn,0,-1,0.000000000000000,,,-1,0,106.191214512000045,11.617489673000023,0.000000000000000
,179,Tân Hội.kmz/0 sắn,0,-1,0.000000000000000,,,-1,0,106.190876955000078,11.617197946000033,0.000000000000000
,180,Tân Hội.kmz/0 sắn,0,-1,0.000000000000000,,,-1,0,106.188874959000088,11.613429776000032,0.000000000000000
,181,Tân Hội.kmz/0 sắn,0,-1,0.000000000000000,,,-1,0,106.188734232000058,11.613272680000023,0.000000000000000
,182,Tân Hội.kmz/0 sắn,0,-1,0.000000000000000,,,-1,0,106.185441452000077,11.609361262000050,0.000000000000000
,183,Tân Hội.kmz/0 sắn,0,-1,0.000000000000000,,,-1,0,106.187140187000068,11.610076219000064,0.000000000000000
,184,Tân Hội.kmz/0 sắn,0,-1,0.000000000000000,,,-1,0,106.185927962000051,11.610266872000068,0.000000000000000
,185,Tân Hội.kmz/0 sắn,0,-1,0.000000000000000,,,-1,0,106.185735375000036,11.609054019000041,0.000000000000000
,186,Tân Hội.kmz/0 sắn,0,-1,0.000000000000000,,,-1,0,106.184908555000050,11.609042798000075,0.000000000000000
,187,Tân Hội.kmz/0 sắn,0,-1,0.000000000000000,,,-1,0,106.185297898000044,11.607829099000071,0.000000000000000
,188,Tân Hội.kmz/0 sắn,0,-1,0.000000000000000,,,-1,0,106.185085016000073,11.606365254000025,0.000000000000000
,189,Tân Hội.kmz/0 sắn,0,-1,0.000000000000000,,,-1,0,106.185781361000068,11.606391120000069,0.000000000000000
,190,Tân Hội.kmz/0 sắn,0,-1,0.000000000000000,,,-1,0,106.194006036000076,11.607406281000067,0.000000000000000
,191,Tân Hội.kmz/0 sắn,0,-1,0.000000000000000,,,-1,0,106.196030329000052,11.608435196000073,0.000000000000000
,192,Tân Hội.kmz/0 sắn,0,-1,0.000000000000000,,,-1,0,106.194837540000037,11.604402509000067,0.000000000000000
,193,Tân Hội.kmz/0 sắn,0,-1,0.000000000000000,,,-1,0,106.194763518000059,11.603820925000036,0.000000000000000
,194,Tân Hội.kmz/0 sắn,0,-1,0.000000000000000,,,-1,0,106.199996174000034,11.604209524000055,0.000000000000000
,195,Tân Hội.kmz/0 sắn,0,-1,0.000000000000000,,,-1,0,106.200942907000069,11.602619223000033,0.000000000000000
,196,Tân Hội.kmz/0 sắn,0,-1,0.000000000000000,,,-1,0,106.201606853000044,11.603827211000066,0.000000000000000
,197,Tân Hội.kmz/0 sắn,0,-1,0.000000000000000,,,-1,0,106.202507432000061,11.606337211000039,0.000000000000000
,198,Tân Hội.kmz/0 sắn,0,-1,0.000000000000000,,,-1,0,106.204150726000080,11.604646097000057,0.000000000000000
,199,Tân Hội.kmz/0 sắn,0,-1,0.000000000000000,,,-1,0,106.203891935000058,11.601889777000054,0.000000000000000
,200,Tân Hội.kmz/0 sắn,0,-1,0.000000000000000,,,-1,0,106.210586962000036,11.600767965000045,0.000000000000000
,201,Tân Hội.kmz/0 sắn,0,-1,0.000000000000000,,,-1,0,106.214527161000035,11.606920386000070,0.000000000000000
,202,Tân Hội.kmz/0 sắn,0,-1,0.000000000000000,,,-1,0,106.214122323000083,11.613075579000053,0.000000000000000
,203,Tân Hội.kmz/0 sắn,0,-1,0.000000000000000,,,-1,0,106.213592988000073,11.614567567000051,0.000000000000000
,204,Tân Hội.kmz/0 sắn,0,-1,0.000000000000000,,,-1,0,106.213990717000058,11.614686433000031,0.000000000000000
,205,Tân Hội.kmz/0 sắn,0,-1,0.000000000000000,,,-1,0,106.213991412000041,11.618385851000028,0.000000000000000
,206,Tân Hội.kmz/0 sắn,0,-1,0.000000000000000,,,-1,0,106.211727299000074,11.619761392000044,0.000000000000000
,207,Tân Hội.kmz/0 sắn,0,-1,0.000000000000000,,,-1,0,106.218809800000088,11.624111133000042,0.000000000000000
,208,Tân Hội.kmz/0 sắn,0,-1,0.000000000000000,,,-1,0,106.219082673000059,11.625007498000059,0.000000000000000
,209,Tân Hội.kmz/0 sắn,0,-1,0.000000000000000,,,-1,0,106.219793096000046,11.625938754000060,0.000000000000000
,210,Tân Hội.kmz/0 sắn,0,-1,0.000000000000000,,,-1,0,106.220802038000045,11.626970974000074,0.000000000000000
,211,Tân Hội.kmz/0 sắn,0,-1,0.000000000000000,,,-1,0,106.218025334000060,11.628571335000061,0.000000000000000
,212,Tân Hội.kmz/0 sắn,0,-1,0.000000000000000,,,-1,0,106.216712902000040,11.630227251000065,0.000000000000000
,213,Tân Hội.kmz/0 sắn,0,-1,0.000000000000000,,,-1,0,106.221219533000067,11.632331084000043,0.000000000000000
,214,Tân Hội.kmz/0 sắn,0,-1,0.000000000000000,,,-1,0,106.218936142000075,11.637563276000037,0.000000000000000
,215,Tân Hội.kmz/0 sắn,0,-1,0.000000000000000,,,-1,0,106.216149521000034,11.638460842000029,0.000000000000000
,216,Tân Hội.kmz/0 sắn,0,-1,0.000000000000000,,,-1,0,106.210170193000067,11.640975545000060,0.000000000000000
,217,Tân Hội.kmz/0 sắn,0,-1,0.000000000000000,,,-1,0,106.213310318000083,11.645043490000035,0.000000000000000
,218,Tân Hội.kmz/0 sắn,0,-1,0.000000000000000,,,-1,0,106.212494882000044,11.647105658000044,0.000000000000000
,219,Tân Hội.kmz/0 sắn,0,-1,0.000000000000000,,,-1,0,106.206971259000056,11.650585532000036,0.000000000000000
,220,Tân Hội.kmz/0 sắn,0,-1,0.000000000000000,,,-1,0,106.206173339000088,11.649553552000043,0.000000000000000
,221,Tân Hội.kmz/0 sắn,0,-1,0.000000000000000,,,-1,0,106.204589162000048,11.646701301000064,0.000000000000000
,222,Tân Hội.kmz/0 sắn,0,-1,0.000000000000000,,,-1,0,106.198176438000075,11.667470397000045,0.000000000000000
,223,Tân Hội.kmz/0 sắn,0,-1,0.000000000000000,,,-1,0,106.195545995000089,11.667197943000076,0.000000000000000
,224,Tân Hội.kmz/0 sắn,0,-1,0.000000000000000,,,-1,0,106.190664669000057,11.672522766000043,0.000000000000000
,225,Tân Hội.kmz/0 sắn,0,-1,0.000000000000000,,,-1,0,106.198992299000054,11.678345521000040,0.000000000000000
,226,Tân Hội.kmz/0 sắn,0,-1,0.000000000000000,,,-1,0,106.197559025000032,11.677306135000038,0.000000000000000
,227,Tân Hội.kmz/0 sắn,0,-1,0.000000000000000,,,-1,0,106.196980986000085,11.677969288000043,0.000000000000000
,228,Tân Hội.kmz/0 sắn,0,-1,0.000000000000000,,,-1,0,106.201398709000046,11.661335172000065,0.000000000000000
,229,Tân Hội.kmz/0 sắn,0,-1,0.000000000000000,,,-1,0,106.199522636000040,11.663067866000063,0.000000000000000
,230,Tân Hội.kmz/0 sắn,0,-1,0.000000000000000,,,-1,0,106.196917613000039,11.660362761000044,0.000000000000000
,231,Tân Hội.kmz/0 sắn,0,-1,0.000000000000000,,,-1,0,106.204953706000083,11.657515558000057,0.000000000000000
,232,Tân Hội.kmz/0 sắn,0,-1,0.000000000000000,,,-1,0,106.206111330000056,11.663080530000059,0.000000000000000
,233,Tân Hội.kmz/0 sắn,0,-1,0.000000000000000,,,-1,0,106.204221350000068,11.664481449000050,0.000000000000000
,234,Tân Hội.kmz/0 sắn,0,-1,0.000000000000000,,,-1,0,106.213216423000063,11.664286110000035,0.000000000000000
,235,Tân Hội.kmz/0 sắn,0,-1,0.000000000000000,,,-1,0,106.213436820000084,11.661597383000071,0.000000000000000
,236,Tân Hội.kmz/0 sắn,0,-1,0.000000000000000,,,-1,0,106.213696678000076,11.659989943000028,0.000000000000000
,237,Tân Hội.kmz/0 sắn,0,-1,0.000000000000000,,,-1,0,106.212936371000069,11.659295283000063,0.000000000000000
,238,Tân Hội.kmz/0 sắn,0,-1,0.000000000000000,,,-1,0,106.217378728000085,11.661677732000044,0.000000000000000
,239,Tân Hội.kmz/0 sắn,0,-1,0.000000000000000,,,-1,0,106.218583160000037,11.660727754000050,0.000000000000000
,240,Tân Hội.kmz/0 sắn,0,-1,0.000000000000000,,,-1,0,106.216612887000053,11.662527818000058,0.000000000000000
,241,Tân Hội.kmz/0 sắn,0,-1,0.000000000000000,,,-1,0,106.215615882000066,11.662551323000059,0.000000000000000
,242,Tân Hội.kmz/0 sắn,0,-1,0.000000000000000,,,-1,0,106.215327421000040,11.664446471000076,0.000000000000000
,243,Tân Hội.kmz/0 sắn,0,-1,0.000000000000000,,,-1,0,106.216733993000048,11.663263403000030,0.000000000000000
,244,Tân Hội.kmz/0 sắn,0,-1,0.000000000000000,,,-1,0,106.213937805000057,11.664090634000047,0.000000000000000
,245,Tân Hội.kmz/0 sắn,0,-1,0.000000000000000,,,-1,0,106.214322294000056,11.665981315000067,0.000000000000000
,246,Tân Hội.kmz/0 sắn,0,-1,0.000000000000000,,,-1,0,106.211938622000048,11.664853966000067,0.000000000000000
,247,Tân Hội.kmz/0 sắn,0,-1,0.000000000000000,,,-1,0,106.213529409000046,11.666150784000024,0.000000000000000
,248,Tân Hội.kmz/0 sắn,0,-1,0.000000000000000,,,-1,0,106.212829990000046,11.666645673000062,0.000000000000000
,249,Tân Hội.kmz/0 sắn,0,-1,0.000000000000000,,,-1,0,106.211680750000085,11.668795236000051,0.000000000000000
,250,Tân Hội.kmz/0 sắn,0,-1,0.000000000000000,,,-1,0,106.212209454000060,11.668489880000038,0.000000000000000
,251,Tân Hội.kmz/0 sắn,0,-1,0.000000000000000,,,-1,0,106.206789167000068,11.671012190000056,0.000000000000000
,252,Tân Hội.kmz/0 sắn,0,-1,0.000000000000000,,,-1,0,106.202405271000089,11.670387813000048,0.000000000000000
,253,Tân Hội.kmz/0 sắn,0,-1,0.000000000000000,,,-1,0,106.201436579000074,11.668761215000075,0.000000000000000
,254,Tân Hội.kmz/0 sắn,0,-1,0.000000000000000,,,-1,0,106.204774496000084,11.674869362000038,0.000000000000000
,255,Tân Hội.kmz/0 sắn,0,-1,0.000000000000000,,,-1,0,106.203651709000042,11.679563354000038,0.000000000000000
,256,Tân Hội.kmz/0 sắn,0,-1,0.000000000000000,,,-1,0,106.202998966000052,11.683780184000057,0.000000000000000
,257,Tân Hội.kmz/0 sắn,0,-1,0.000000000000000,,,-1,0,106.188961150000068,11.665979733000029,0.000000000000000
,258,Tân Hội.kmz/0 sắn,0,-1,0.000000000000000,,,-1,0,106.184798467000064,11.665877796000075,0.000000000000000
,259,Tân Hội.kmz/0 sắn,0,-1,0.000000000000000,,,-1,0,106.180283407000047,11.667334753000034,0.000000000000000
,260,Tân Hội.kmz/0 sắn,0,-1,0.000000000000000,,,-1,0,106.180201725000074,11.667092152000066,0.000000000000000
,261,Tân Hội.kmz/0 sắn,0,-1,0.000000000000000,,,-1,0,106.178619202000050,11.668838395000023,0.000000000000000
,262,Tân Hội.kmz/0 sắn,0,-1,0.000000000000000,,,-1,0,106.180320533000042,11.671058630000061,0.000000000000000
,263,Tân Hội.kmz/0 sắn,0,-1,0.000000000000000,,,-1,0,106.181782865000059,11.670538030000046,0.000000000000000
,264,Tân Hội.kmz/0 sắn,0,-1,0.000000000000000,,,-1,0,106.169918137000082,11.670096107000063,0.000000000000000
,265,Tân Hội.kmz/0 sắn,0,-1,0.000000000000000,,,-1,0,106.164218138000081,11.661492252000073,0.000000000000000
,266,Tân Hội.kmz/0 sắn,0,-1,0.000000000000000,,,-1,0,106.163376667000080,11.660548840000047,0.000000000000000
,267,Tân Hội.kmz/0 sắn,0,-1,0.000000000000000,,,-1,0,106.122967915000061,11.702613674000077,0.000000000000000
,268,Tân Hội.kmz/0 sắn,0,-1,0.000000000000000,,,-1,0,106.125903584000071,11.701068530000043,0.000000000000000
,269,Tân Hội.kmz/0 sắn,0,-1,0.000000000000000,,,-1,0,106.126709577000042,11.701807039000073,0.000000000000000
,270,Tân Hội.kmz/0 sắn,0,-1,0.000000000000000,,,-1,0,106.125972439000066,11.700321498000051,0.000000000000000
,271,Tân Hội.kmz/0 sắn,0,-1,0.000000000000000,,,-1,0,106.117989345000069,11.697125927000059,0.000000000000000
,272,Tân Hội.kmz/0 sắn,0,-1,0.000000000000000,,,-1,0,106.116009262000034,11.699130289000038,0.000000000000000
,273,Tân Hội.kmz/0 sắn,0,-1,0.000000000000000,,,-1,0,106.115673264000066,11.689721390000045,0.000000000000000
,274,Tân Hội.kmz/0 sắn,0,-1,0.000000000000000,,,-1,0,106.114463865000062,11.686755998000024,0.000000000000000
,275,Tân Hội.kmz/0 sắn,0,-1,0.000000000000000,,,-1,0,106.116014341000039,11.683719887000052,0.000000000000000
,276,Tân Hội.kmz/0 sắn,0,-1,0.000000000000000,,,-1,0,106.117699717000050,11.680372397000042,0.000000000000000
,277,Tân Hội.kmz/0 sắn,0,-1,0.000000000000000,,,-1,0,106.119982242000049,11.682642205000036,0.000000000000000
,278,Tân Hội.kmz/0 sắn,0,-1,0.000000000000000,,,-1,0,106.122025470000040,11.673462135000022,0.000000000000000
,279,Tân Hội.kmz/0 sắn,0,-1,0.000000000000000,,,-1,0,106.119825069000058,11.673853069000074,0.000000000000000
,280,Tân Hội.kmz/0 sắn,0,-1,0.000000000000000,,,-1,0,106.128711015000079,11.665362525000035,0.000000000000000
,281,Tân Hội.kmz/0 sắn,0,-1,0.000000000000000,,,-1,0,106.137344357000075,11.664326444000039,0.000000000000000
,282,Tân Hội.kmz/0 sắn,0,-1,0.000000000000000,,,-1,0,106.133174386000064,11.667799309000031,0.000000000000000
,283,Tân Hội.kmz/0 sắn,0,-1,0.000000000000000,,,-1,0,106.161639363000063,11.679505731000063,0.000000000000000
,284,Tân Hội.kmz/0 sắn,0,-1,0.000000000000000,,,-1,0,106.160672354000042,11.682874351000066,0.000000000000000
,285,Tân Hội.kmz/0 sắn,0,-1,0.000000000000000,,,-1,0,106.130984427000044,11.686046350000026,0.000000000000000
,286,Tân Hội.kmz/0 sắn,0,-1,0.000000000000000,,,-1,0,106.126343111000040,11.684403506000024,0.000000000000000
,287,Tân Hội.kmz/0 sắn,0,-1,0.000000000000000,,,-1,0,106.123743377000039,11.684851337000055,0.000000000000000
,288,Tân Hội.kmz/0 sắn,0,-1,0.000000000000000,,,-1,0,106.124515487000053,11.684148869000069,0.000000000000000
,289,Tân Hội.kmz/0 sắn,0,-1,0.000000000000000,,,-1,0,106.122204223000040,11.683877976000076,0.000000000000000
,290,Tân Hội.kmz/0 sắn,0,-1,0.000000000000000,,,-1,0,106.127910180000072,11.693544625000072,0.000000000000000
,291,Tân Hội.kmz/0 sắn,0,-1,0.000000000000000,,,-1,0,106.126226660000043,11.696986770000024,0.000000000000000
,292,Tân Hội.kmz/0 sắn,0,-1,0.000000000000000,,,-1,0,106.123733771000047,11.698258173000056,0.000000000000000
,293,Tân Hội.kmz/0 sắn,0,-1,0.000000000000000,,,-1,0,106.122750743000040,11.699768901000027,0.000000000000000
,294,Tân Hội.kmz/0 sắn,0,-1,0.000000000000000,,,-1,0,106.120809235000081,11.700368709000031,0.000000000000000
,295,Tân Hội.kmz/0 sắn,0,-1,0.000000000000000,,,-1,0,106.115575878000072,11.701855569000031,0.000000000000000
,296,Tân Hội.kmz/0 sắn,0,-1,0.000000000000000,,,-1,0,106.174883156000078,11.681439420000061,0.000000000000000
,297,Tân Hội.kmz/0 sắn,0,-1,0.000000000000000,,,-1,0,106.174189710000064,11.680406509000022,0.000000000000000
,298,Tân Hội.kmz/0 sắn,0,-1,0.000000000000000,,,-1,0,106.141169395000077,11.694441435000044,0.000000000000000
,299,Tân Hội.kmz/0 sắn,0,-1,0.000000000000000,,,-1,0,106.140269351000086,11.689959522000038,0.000000000000000
,300,Tân Hội.kmz/0 sắn,0,-1,0.000000000000000,,,-1,0,106.123538275000044,11.652620946000070,0.000000000000000
,301,Tân Hội.kmz/0 sắn,0,-1,0.000000000000000,,,-1,0,106.133299401000045,11.647573028000068,0.000000000000000
,302,Tân Hội.kmz/0 sắn,0,-1,0.000000000000000,,,-1,0,106.132537566000053,11.644527982000056,0.000000000000000
,303,Tân Hội.kmz/0 sắn,0,-1,0.000000000000000,,,-1,0,106.131412790000070,11.643203364000044,0.000000000000000
,304,Tân Hội.kmz/0 sắn,0,-1,0.000000000000000,,,-1,0,106.130253295000045,11.644058196000060,0.000000000000000
,305,Tân Hội.kmz/0 sắn,0,-1,0.000000000000000,,,-1,0,106.129656017000059,11.642519233000030,0.000000000000000
,306,Tân Hội.kmz/0 sắn,0,-1,0.000000000000000,,,-1,0,106.126295585000037,11.644469088000051,0.000000000000000
,307,Tân Hội.kmz/0 sắn,0,-1,0.000000000000000,,,-1,0,106.130191632000049,11.636686877000045,0.000000000000000
,308,Tân Hội.kmz/0 sắn,0,-1,0.000000000000000,,,-1,0,106.131885254000053,11.635615620000067,0.000000000000000
,309,Tân Hội.kmz/0 sắn,0,-1,0.000000000000000,,,-1,0,106.130183586000044,11.634789221000062,0.000000000000000
,310,Tân Hội.kmz/0 sắn,0,-1,0.000000000000000,,,-1,0,106.127793746000066,11.633931490000066,0.000000000000000
,311,Tân Hội.kmz/0 sắn,0,-1,0.000000000000000,,,-1,0,106.202451604000032,11.639012794000053,0.000000000000000
,312,Tân Hội.kmz/0 sắn,0,-1,0.000000000000000,,,-1,0,106.201486190000082,11.639847774000032,0.000000000000000
,313,Tân Hội.kmz/0 sắn,0,-1,0.000000000000000,,,-1,0,106.200832001000038,11.639238017000025,0.000000000000000
,314,Tân Hội.kmz/0 sắn,0,-1,0.000000000000000,,,-1,0,106.201880600000038,11.637849352000046,0.000000000000000
,315,Tân Hội.kmz/0 sắn,0,-1,0.000000000000000,,,-1,0,106.202461524000057,11.636801011000045,0.000000000000000
,316,Tân Hội.kmz/0 sắn,0,-1,0.000000000000000,,,-1,0,106.201200387000085,11.636625174000073,0.000000000000000
,317,Tân Hội.kmz/0 sắn,0,-1,0.000000000000000,,,-1,0,106.204616687000055,11.634372896000059,0.000000000000000
,318,Tân Hội.kmz/0 sắn,0,-1,0.000000000000000,,,-1,0,106.204294556000036,11.633670540000026,0.000000000000000
,319,Tân Hội.kmz/0 sắn,0,-1,0.000000000000000,,,-1,0,106.205330186000083,11.633952416000056,0.000000000000000
,320,Tân Hội.kmz/0 sắn,0,-1,0.000000000000000,,,-1,0,106.205386153000063,11.633579414000053,0.000000000000000
,321,Tân Hội.kmz/0 sắn,0,-1,0.000000000000000,,,-1,0,106.205050501000073,11.632932370000049,0.000000000000000
,322,Tân Hội.kmz/0 sắn,0,-1,0.000000000000000,,,-1,0,106.206385054000066,11.633607422000068,0.000000000000000
,323,Tân Hội.kmz/0 sắn,0,-1,0.000000000000000,,,-1,0,106.209287514000039,11.634381391000034,0.000000000000000
,324,Tân Hội.kmz/0 sắn,0,-1,0.000000000000000,,,-1,0,106.210293636000074,11.634568041000023,0.000000000000000
,325,Tân Hội.kmz/0 sắn,0,-1,0.000000000000000,,,-1,0,106.209480204000045,11.633416683000064,0.000000000000000
,326,Tân Hội.kmz/0 sắn,0,-1,0.000000000000000,,,-1,0,106.208563149000042,11.634235315000069,0.000000000000000
,327,Tân Hội.kmz/0 sắn,0,-1,0.000000000000000,,,-1,0,106.200431485000081,11.613819032000038,0.000000000000000
,328,Tân Hội.kmz/0 sắn,0,-1,0.000000000000000,,,-1,0,106.201460752000060,11.613948075000053,0.000000000000000
,329,Tân Hội.kmz/0 sắn,0,-1,0.000000000000000,,,-1,0,106.199955639000052,11.614292995000028,0.000000000000000
,330,Tân Hội.kmz/0 sắn,0,-1,0.000000000000000,,,-1,0,106.199673835000056,11.612474300000031,0.000000000000000
,331,Tân Hội.kmz/0 sắn,0,-1,0.000000000000000,,,-1,0,106.204012226000089,11.643710550000037,0.000000000000000
,332,Tân Hội.kmz/0 sắn,0,-1,0.000000000000000,,,-1,0,106.205940408000060,11.647278402000040,0.000000000000000
,333,Tân Hội.kmz/0 sắn,0,-1,0.000000000000000,,,-1,0,106.208607860000086,11.651977500000044,0.000000000000000
,334,Tân Hội.kmz/0 sắn,0,-1,0.000000000000000,,,-1,0,106.211049331000083,11.656345837000060,0.000000000000000
,335,Tân Hội.kmz/0 sắn,0,-1,0.000000000000000,,,-1,0,106.150547126000049,11.674118622000037,0.000000000000000
,336,Tân Hội.kmz/0 sắn,0,-1,0.000000000000000,,,-1,0,106.149030689000085,11.672997889000044,0.000000000000000
,337,Tân Hội.kmz/0 sắn,0,-1,0.000000000000000,,,-1,0,106.137452091000057,11.676253634000034,0.000000000000000
,338,Tân Hội.kmz/0 sắn,0,-1,0.000000000000000,,,-1,0,106.136392084000079,11.678402158000040,0.000000000000000
,339,Tân Hội.kmz/0 sắn,0,-1,0.000000000000000,,,-1,0,106.138591693000080,11.674626296000042,0.000000000000000
,340,Tân Hội.kmz/0 sắn,0,-1,0.000000000000000,,,-1,0,106.141005340000049,11.674567955000043,0.000000000000000
,341,Tân Hội.kmz/0 sắn,0,-1,0.000000000000000,,,-1,0,106.138106907000065,11.679975286000058,0.000000000000000
,342,Tân Hội.kmz/0 sắn,0,-1,0.000000000000000,,,-1,0,106.137808130000053,11.681220991000032,0.000000000000000
,343,Tân Hội.kmz/0 sắn,0,-1,0.000000000000000,,,-1,0,106.138561013000071,11.683469440000067,0.000000000000000
,344,Tân Hội.kmz/0 sắn,0,-1,0.000000000000000,,,-1,0,106.137471279000067,11.686632466000049,0.000000000000000
,345,Tân Hội.kmz/0 sắn,0,-1,0.000000000000000,,,-1,0,106.137461557000051,11.688021465000077,0.000000000000000
,346,Tân Hội.kmz/0 sắn,0,-1,0.000000000000000,,,-1,0,106.136985469000081,11.688933371000076,0.000000000000000
,347,Tân Hội.kmz/0 sắn,0,-1,0.000000000000000,,,-1,0,106.139057496000078,11.688924173000032,0.000000000000000
,348,Tân Hội.kmz/0 sắn,0,-1,0.000000000000000,,,-1,0,106.139478408000059,11.689706769000054,0.000000000000000
,349,Tân Hội.kmz/0 sắn,0,-1,0.000000000000000,,,-1,0,106.139462199000036,11.690910408000036,0.000000000000000
,350,Tân Hội.kmz/0 sắn,0,-1,0.000000000000000,,,-1,0,106.134609730000079,11.688697661000049,0.000000000000000
,351,Tân Hội.kmz/0 sắn,0,-1,0.000000000000000,,,-1,0,106.134026763000065,11.692698750000034,0.000000000000000
,352,Tân Hội.kmz/0 sắn,0,-1,0.000000000000000,,,-1,0,106.135391119000076,11.691115050000064,0.000000000000000
,352,Tân Hội.kmz/0 sắn,0,-1,0.000000000000000,,,-1,0,106.131563493000044,11.693098177000024,0.000000000000000
,353,Tân Hội.kmz/0 sắn,0,-1,0.000000000000000,,,-1,0,106.131156867000072,11.695499898000037,0.000000000000000
,354,Tân Hội.kmz/0 sắn,0,-1,0.000000000000000,,,-1,0,106.125262334000070,11.691118310000036,0.000000000000000
,355,Tân Hội.kmz/0 sắn,0,-1,0.000000000000000,,,-1,0,106.128632295000045,11.687130356000068,0.000000000000000
,356,Tân Hội.kmz/0 sắn,0,-1,0.000000000000000,,,-1,0,106.130451141000037,11.678990873000032,0.000000000000000
,357,Tân Hội.kmz/0 sắn,0,-1,0.000000000000000,,,-1,0,106.131618895000088,11.678995780000037,0.000000000000000
,358,Tân Hội.kmz/0 sắn,0,-1,0.000000000000000,,,-1,0,106.143758705000039,11.658500067000034,0.000000000000000
,359,Tân Hội.kmz/0 sắn,0,-1,0.000000000000000,,,-1,0,106.147121400000060,11.659890663000056,0.000000000000000
,360,Tân Hội.kmz/0 sắn,0,-1,0.000000000000000,,,-1,0,106.141389770000046,11.661205545000030,0.000000000000000
,361,Tân Hội.kmz/0 sắn,0,-1,0.000000000000000,,,-1,0,106.155403133000050,11.637350205000075,0.000000000000000
,362,Tân Hội.kmz/0 sắn,0,-1,0.000000000000000,,,-1,0,106.154815065000037,11.638782755000022,0.000000000000000
,363,Tân Hội.kmz/0 sắn,0,-1,0.000000000000000,,,-1,0,106.154842206000069,11.636015336000071,0.000000000000000
,364,Tân Hội.kmz/0 sắn,0,-1,0.000000000000000,,,-1,0,106.153760976000058,11.634731511000041,0.000000000000000
,365,Tân Hội.kmz/0 sắn,0,-1,0.000000000000000,,,-1,0,106.153058557000065,11.634265638000045,0.000000000000000
,366,Tân Hội.kmz/0 sắn,0,-1,0.000000000000000,,,-1,0,106.152928578000058,11.633173168000042,0.000000000000000
,367,Tân Hội.kmz/0 sắn,0,-1,0.000000000000000,,,-1,0,106.153578728000070,11.632170299000052,0.000000000000000
,368,Tân Hội.kmz/0 sắn,0,-1,0.000000000000000,,,-1,0,106.151974695000035,11.630956583000057,0.000000000000000
,369,Tân Hội.kmz/0 sắn,0,-1,0.000000000000000,,,-1,0,106.151561477000087,11.629723526000021,0.000000000000000
,370,Tân Hội.kmz/0 sắn,0,-1,0.000000000000000,,,-1,0,106.149279167000088,11.631132527000034,0.000000000000000
,371,Tân Hội.kmz/0 sắn,0,-1,0.000000000000000,,,-1,0,106.149998750000066,11.630208861000028,0.000000000000000
,372,Tân Hội.kmz/0 sắn,0,-1,0.000000000000000,,,-1,0,106.150231799000039,11.631125623000059,0.000000000000000
,373,Tân Hội.kmz/0 sắn,0,-1,0.000000000000000,,,-1,0,106.176390702000049,11.632401294000033,0.000000000000000
,374,Tân Hội.kmz/0 sắn,0,-1,0.000000000000000,,,-1,0,106.178229490000035,11.630406771000025,0.000000000000000
,375,Tân Hội.kmz/0 sắn,0,-1,0.000000000000000,,,-1,0,106.180222036000032,11.628300297000067,0.000000000000000
,376,Tân Hội.kmz/0 sắn,0,-1,0.000000000000000,,,-1,0,106.179799961000072,11.637925259000042,0.000000000000000
,377,Tân Hội.kmz/0 sắn,0,-1,0.000000000000000,,,-1,0,106.170621612000048,11.642134404000046,0.000000000000000
,378,Tân Hội.kmz/0 sắn,0,-1,0.000000000000000,,,-1,0,106.166973217000077,11.645314592000034,0.000000000000000
,379,Tân Hội.kmz/0 sắn,0,-1,0.000000000000000,,,-1,0,106.161001294000073,11.640157788000067,0.000000000000000
,380,Tân Hội.kmz/0 sắn,0,-1,0.000000000000000,,,-1,0,106.159400557000083,11.637991165000074,0.000000000000000
,381,Tân Hội.kmz/0 sắn,0,-1,0.000000000000000,,,-1,0,106.158791078000036,11.646084567000059,0.000000000000000
,382,Tân Hội.kmz/0 sắn,0,-1,0.000000000000000,,,-1,0,106.158934875000057,11.647453676000055,0.000000000000000
,383,Tân Hội.kmz/0 sắn,0,-1,0.000000000000000,,,-1,0,106.163871572000062,11.648026737000066,0.000000000000000
,384,Tân Hội.kmz/0 sắn,0,-1,0.000000000000000,,,-1,0,106.162634951000086,11.654630162000046,0.000000000000000
,485,Tân Hội.kmz/0 sắn,0,-1,0.000000000000000,,,-1,0,106.157236792000049,11.654141585000048,0.000000000000000
,386,Tân Hội.kmz/0 sắn,0,-1,0.000000000000000,,,-1,0,106.152459664000048,11.654855993000069,0.000000000000000
,387,Tân Hội.kmz/0 sắn,0,-1,0.000000000000000,,,-1,0,106.182470554000076,11.657698389000075,0.000000000000000
,388,Tân Hội.kmz/0 sắn,0,-1,0.000000000000000,,,-1,0,106.198505876000070,11.671203795000054,0.000000000000000
,389,Tân Hội.kmz/0 sắn,0,-1,0.000000000000000,,,-1,0,106.194774948000088,11.674679192000042,0.000000000000000
,390,Tân Hội.kmz/0 sắn,0,-1,0.000000000000000,,,-1,0,106.174579978000054,11.677653050000060,0.000000000000000
,391,Tân Hội.kmz/0 sắn,0,-1,0.000000000000000,,,-1,0,106.159916814000042,11.673088841000038,0.000000000000000
,392,Tân Hội.kmz/0 sắn,0,-1,0.000000000000000,,,-1,0,106.162548478000076,11.676382560000036,0.000000000000000
,393,Tân Hội.kmz/0 sắn,0,-1,0.000000000000000,,,-1,0,106.142477691000067,11.672627427000066,0.000000000000000
,394,Tân Hội.kmz/0 sắn,0,-1,0.000000000000000,,,-1,0,106.139145739000071,11.673808636000047,0.000000000000000
,395,Tân Hội.kmz/0 sắn,0,-1,0.000000000000000,,,-1,0,106.136170679000088,11.674747233000062,0.000000000000000
,396,Tân Hội.kmz/0 sắn,0,-1,0.000000000000000,,,-1,0,106.130670374000033,11.673360644000070,0.000000000000000
,397,Tân Hội.kmz/0 sắn,0,-1,0.000000000000000,,,-1,0,106.127916295000034,11.672862920000057,0.000000000000000
,398,Tân Hội.kmz/0 sắn,0,-1,0.000000000000000,,,-1,0,106.124132167000084,11.681940582000038,0.000000000000000
,399,Tân Hội.kmz/0 sắn,0,-1,0.000000000000000,,,-1,0,106.172072795000076,11.682267478000028,0.000000000000000
,400,Tân Hội.kmz/0 sắn,0,-1,0.000000000000000,,,-1,0,106.166922763000059,11.680273721000049,0.000000000000000
,401,Tân Hội.kmz/0 sắn,0,-1,0.000000000000000,,,-1,0,106.167360741000039,11.688864886000033,0.000000000000000
,402,Tân Hội.kmz/0 sắn,0,-1,0.000000000000000,,,-1,0,106.169276965000051,11.692380589000038,0.000000000000000
,403,Tân Hội.kmz/0 sắn,0,-1,0.000000000000000,,,-1,0,106.175203639000074,11.694363395000039,0.000000000000000
,404,Tân Hội.kmz/0 sắn,0,-1,0.000000000000000,,,-1,0,106.183294824000086,11.691799792000040,0.000000000000000
,405,Tân Hội.kmz/0 sắn,0,-1,0.000000000000000,,,-1,0,106.181486305000078,11.687806904000070,0.000000000000000
,406,Tân Hội.kmz/0 sắn,0,-1,0.000000000000000,,,-1,0,106.179537526000047,11.681512800000064,0.000000000000000
,407,Tân Hội.kmz/0 sắn,0,-1,0.000000000000000,,,-1,0,106.185519656000054,11.676681880000046,0.000000000000000
,408,Tân Hội.kmz/0 sắn,0,-1,0.000000000000000,,,-1,0,106.194444799000053,11.654194123000025,0.000000000000000
,409,Tân Hội.kmz/0 sắn,0,-1,0.000000000000000,,,-1,0,106.191606667000087,11.655370829000049,0.000000000000000
,410,Tân Hội.kmz/0 sắn,0,-1,0.000000000000000,,,-1,0,106.189070002000051,11.651178322000021,0.000000000000000
,411,Tân Hội.kmz/0 sắn,0,-1,0.000000000000000,,,-1,0,106.195181392000052,11.631786659000056,0.000000000000000
,412,Tân Hội.kmz/0 sắn,0,-1,0.000000000000000,,,-1,0,106.203043796000088,11.618988447000049,0.000000000000000
,413,Tân Hội.kmz/0 sắn,0,-1,0.000000000000000,,,-1,0,106.153483707000078,11.631911076000051,0.000000000000000
,414,Tân Hội.kmz/0 sắn,0,-1,0.000000000000000,,,-1,0,106.152442997000037,11.632226879000029,0.000000000000000
,415,Tân Hội.kmz/0 sắn,0,-1,0.000000000000000,,,-1,0,106.174115379000057,11.616015934000075,0.000000000000000
,416,Tân Hội.kmz/0 sắn,0,-1,0.000000000000000,,,-1,0,106.183066227000040,11.619558472000051,0.000000000000000
,417,Tân Hội.kmz/0 sắn,0,-1,0.000000000000000,,,-1,0,106.183609020000063,11.619537717000071,0.000000000000000
,418,Tân Hội.kmz/0 sắn,0,-1,0.000000000000000,,,-1,0,106.185021702000085,11.618995309000070,0.000000000000000
,419,Tân Hội.kmz/0 sắn,0,-1,0.000000000000000,,,-1,0,106.222256634000075,11.641879567000046,0.000000000000000
,420,Tân Hội.kmz/0 sắn,0,-1,0.000000000000000,,,-1,0,106.213619218000076,11.652254807000077,0.000000000000000
,421,Tân Hội.kmz/0 sắn,0,-1,0.000000000000000,,,-1,0,106.212696233000088,11.652718395000022,0.000000000000000
,422,Tân Hội.kmz/0 sắn,0,-1,0.000000000000000,,,-1,0,106.211930223000081,11.654475485000034,0.000000000000000
,423,Tân Hội.kmz/0 sắn,0,-1,0.000000000000000,,,-1,0,106.212999308000065,11.655086142000073,0.000000000000000
,424,Tân Hội.kmz/0 sắn,0,-1,0.000000000000000,,,-1,0,106.212518058000057,11.655927161000022,0.000000000000000
,425,Tân Hội.kmz/0 sắn,0,-1,0.000000000000000,,,-1,0,106.209005979000040,11.658687534000023,0.000000000000000
,426,Tân Hội.kmz/0 sắn,0,-1,0.000000000000000,,,-1,0,106.203866716000050,11.660677849000024,0.000000000000000
,427,Tân Hội.kmz/0 sắn,0,-1,0.000000000000000,,,-1,0,106.201705891000074,11.654842168000073,0.000000000000000
,428,Tân Hội.kmz/0 sắn,0,-1,0.000000000000000,,,-1,0,106.196853571000076,11.644895720000022,0.000000000000000
,429,Tân Hội.kmz/0 sắn,0,-1,0.000000000000000,,,-1,0,106.139746887000058,11.623990921000029,0.000000000000000
,430,Tân Hội.kmz/0 sắn,0,-1,0.000000000000000,,,-1,0,106.141199808000067,11.625391844000035,0.000000000000000
,431,Tân Hội.kmz/0 sắn,0,-1,0.000000000000000,,,-1,0,106.139129426000068,11.617937224000059,0.000000000000000
,432,Tân Hội.kmz/0 sắn,0,-1,0.000000000000000,,,-1,0,106.143955198000072,11.617470285000024,0.000000000000000
,433,Tân Hội.kmz/0 sắn,0,-1,0.000000000000000,,,-1,0,106.202898868000034,11.617938021000043,0.000000000000000
,434,Tân Hội.kmz/0 sắn,0,-1,0.000000000000000,,,-1,0,106.215060362000088,11.660445863000064,0.000000000000000
,435,Tân Hội.kmz/0 sắn,0,-1,0.000000000000000,,,-1,0,106.215046461000043,11.659808097000052,0.000000000000000
,436,Tân Hội.kmz/0 sắn,0,-1,0.000000000000000,,,-1,0,106.199772721000045,11.682671312000025,0.000000000000000
,437,Tân Hội.kmz/0 sắn,0,-1,0.000000000000000,,,-1,0,106.197069691000081,11.681089889000077,0.000000000000000
,438,Tân Hội.kmz/0 sắn,0,-1,0.000000000000000,,,-1,0,106.195391578000056,11.695336571000041,0.000000000000000
,439,Tân Hội.kmz/0 sắn,0,-1,0.000000000000000,,,-1,0,106.186009871000067,11.695937418000028,0.000000000000000
,440,Tân Hội.kmz/0 sắn,0,-1,0.000000000000000,,,-1,0,106.183091587000035,11.689675923000038,0.000000000000000
,441,Tân Hội.kmz/0 sắn,0,-1,0.000000000000000,,,-1,0,106.182265202000053,11.688586230000055,0.000000000000000
,442,Tân Hội.kmz/0 sắn,0,-1,0.000000000000000,,,-1,0,106.136981635000041,11.683607164000023,0.000000000000000
,443,Tân Hội.kmz/0 sắn,0,-1,0.000000000000000,,,-1,0,106.121865931000059,11.704580904000068,0.000000000000000
,444,Tân Hội.kmz/0 sắn,0,-1,0.000000000000000,,,-1,0,106.121530584000084,11.703114647000064,0.000000000000000
,445,Tân Hội.kmz/0 sắn,0,-1,0.000000000000000,,,-1,0,106.121315650000042,11.701548127000024,0.000000000000000
,446,Tân Hội.kmz/0 sắn,0,-1,0.000000000000000,,,-1,0,106.123084315000085,11.701405977000036,0.000000000000000
,447,Tân Hội.kmz/0 sắn,0,-1,0.000000000000000,,,-1,0,106.115641902000050,11.704907400000025,0.000000000000000
,448,Tân Hội.kmz/0 sắn,0,-1,0.000000000000000,,,-1,0,106.114367671000082,11.684394259000044,0.000000000000000
,449,Tân Hội.kmz/0 sắn,0,-1,0.000000000000000,,,-1,0,106.113121446000036,11.678203747000055,0.000000000000000
,450,Tân Hội.kmz/0 sắn,0,-1,0.000000000000000,,,-1,0,106.116547561000061,11.675776951000046,0.000000000000000
,451,Tân Hội.kmz/0 sắn,0,-1,0.000000000000000,,,-1,0,106.115464552000049,11.672580045000075,0.000000000000000
,452,Tân Hội.kmz/0 sắn,0,-1,0.000000000000000,,,-1,0,106.113705376000041,11.669039805000068,0.000000000000000
,453,Tân Hội.kmz/0 sắn,0,-1,0.000000000000000,,,-1,0,106.112973573000033,11.667742013000066,0.000000000000000
,454,Tân Hội.kmz/0 sắn,0,-1,0.000000000000000,,,-1,0,106.113151580000078,11.666993064000053,0.000000000000000
,455,Tân Hội.kmz/0 sắn,0,-1,0.000000000000000,,,-1,0,106.208323082000049,11.661663480000072,0.000000000000000
,456,Tân Hội.kmz/0 sắn,0,-1,0.000000000000000,,,-1,0,106.216313658000047,11.651338519000035,0.000000000000000
,457,Tân Hội.kmz/0 sắn,0,-1,0.000000000000000,,,-1,0,106.214809939000077,11.654646945000025,0.000000000000000
,458,Tân Hội.kmz/0 sắn,0,-1,0.000000000000000,,,-1,0,106.213053214000070,11.653633386000024,0.000000000000000
,459,Tân Hội.kmz/0 sắn,0,-1,0.000000000000000,,,-1,0,106.212314982000066,11.655470132000062,0.000000000000000
,460,Tân Hội.kmz/0 sắn,0,-1,0.000000000000000,,,-1,0,106.211676438000040,11.657449664000069,0.000000000000000
,461,Tân Hội.kmz/0 sắn,0,-1,0.000000000000000,,,-1,0,106.212627886000064,11.658148686000061,0.000000000000000
,462,Tân Hội.kmz/0 sắn,0,-1,0.000000000000000,,,-1,0,106.212817741000038,11.657373210000060,0.000000000000000
,463,Tân Hội.kmz/0 sắn,0,-1,0.000000000000000,,,-1,0,106.213418127000068,11.655929193000077,0.000000000000000
,464,Tân Hội.kmz/0 sắn,0,-1,0.000000000000000,,,-1,0,106.214937957000075,11.661089010000069,0.000000000000000
,465,Tân Hội.kmz/0 sắn,0,-1,0.000000000000000,,,-1,0,106.214503500000035,11.663773204000051,0.000000000000000
,466,Tân Hội.kmz/0 sắn,0,-1,0.000000000000000,,,-1,0,106.214137778000065,11.663042227000062,0.000000000000000
,467,Tân Hội.kmz/0 sắn,0,-1,0.000000000000000,,,-1,0,106.217491189000043,11.662481665000030,0.000000000000000
,468,Tân Hội.kmz/0 sắn,0,-1,0.000000000000000,,,-1,0,106.213374609000084,11.663435751000065,0.000000000000000
,469,Tân Hội.kmz/0 sắn,0,-1,0.000000000000000,,,-1,0,106.205804928000077,11.661239915000067,0.000000000000000
,470,Tân Hội.kmz/0 sắn,0,-1,0.000000000000000,,,-1,0,106.195693553000069,11.669707369000037,0.000000000000000
,471,Tân Hội.kmz/0 sắn,0,-1,0.000000000000000,,,-1,0,106.198215844000060,11.674403617000053,0.000000000000000
,472,Tân Hội.kmz/0 sắn,0,-1,0.000000000000000,,,-1,0,106.202845539000066,11.680211529000076,0.000000000000000
,473,Tân Hội.kmz/0 sắn,0,-1,0.000000000000000,,,-1,0,106.203207676000034,11.679964120000022,0.000000000000000
,474,Tân Hội.kmz/0 sắn,0,-1,0.000000000000000,,,-1,0,106.194206649000080,11.647190362000060,0.000000000000000
,475,Tân Hội.kmz/0 sắn,0,-1,0.000000000000000,,,-1,0,106.186006449000047,11.643313230000047,0.000000000000000
,476,Tân Hội.kmz/0 sắn,0,-1,0.000000000000000,,,-1,0,106.185339895000084,11.641549780000048,0.000000000000000
,477,Tân Hội.kmz/0 sắn,0,-1,0.000000000000000,,,-1,0,106.175021088000051,11.648106681000058,0.000000000000000
,478,Tân Hội.kmz/0 sắn,0,-1,0.000000000000000,,,-1,0,106.174478013000055,11.645363074000045,0.000000000000000
,479,Tân Hội.kmz/0 sắn,0,-1,0.000000000000000,,,-1,0,106.170571022000047,11.649202619000050,0.000000000000000
,480,Tân Hội.kmz/0 sắn,0,-1,0.000000000000000,,,-1,0,106.165948693000075,11.652373310000030,0.000000000000000
,481,Tân Hội.kmz/0 sắn,0,-1,0.000000000000000,,,-1,0,106.168062941000073,11.648558195000021,0.000000000000000
,482,Tân Hội.kmz/0 sắn,0,-1,0.000000000000000,,,-1,0,106.150878981000062,11.649658018000025,0.000000000000000
,483,Tân Hội.kmz/0 sắn,0,-1,0.000000000000000,,,-1,0,106.134981540000069,11.663500667000051,0.000000000000000
,484,Tân Hội.kmz/0 sắn,0,-1,0.000000000000000,,,-1,0,106.135313672000052,11.662766164000061,0.000000000000000
,485,Tân Hội.kmz/0 sắn,0,-1,0.000000000000000,,,-1,0,106.137400693000075,11.662966459000074,0.000000000000000
,486,Tân Hội.kmz/0 sắn,0,-1,0.000000000000000,,,-1,0,106.114827308000088,11.692725403000054,0.000000000000000
,487,Tân Hội.kmz/0 sắn,0,-1,0.000000000000000,,,-1,0,106.123977202000049,11.704170638000051,0.000000000000000
,488,Tân Hội.kmz/0 sắn,0,-1,0.000000000000000,,,-1,0,106.127066690000049,11.697232667000037,0.000000000000000
,489,Tân Hội.kmz/0 sắn,0,-1,0.000000000000000,,,-1,0,106.137768053000059,11.691093646000070,0.000000000000000
,490,Tân Hội.kmz/0 sắn,0,-1,0.000000000000000,,,-1,0,106.138523474000067,11.689371141000038,0.000000000000000
,491,Tân Hội.kmz/0 sắn,0,-1,0.000000000000000,,,-1,0,106.146817476000081,11.679954485000053,0.000000000000000
,492,Tân Hội.kmz/0 sắn,0,-1,0.000000000000000,,,-1,0,106.149475984000048,11.673805207000044,0.000000000000000
,493,Tân Hội.kmz/0 sắn,0,-1,0.000000000000000,,,-1,0,106.151224200000058,11.670479919000059,0.000000000000000
,494,Tân Hội.kmz/0 sắn,0,-1,0.000000000000000,,,-1,0,106.154734280000071,11.664732528000059,0.000000000000000
,495,Tân Hội.kmz/0 sắn,0,-1,0.000000000000000,,,-1,0,106.154548697000052,11.663253804000021,0.000000000000000
,496,Tân Hội.kmz/0 sắn,0,-1,0.000000000000000,,,-1,0,106.157608961000051,11.659411394000074,0.000000000000000
,497,Tân Hội.kmz/0 sắn,0,-1,0.000000000000000,,,-1,0,106.157582685000079,11.657306135000056,0.000000000000000
,498,Tân Hội.kmz/0 sắn,0,-1,0.000000000000000,,,-1,0,106.159285104000048,11.654484307000075,0.000000000000000
,499,Tân Hội.kmz/0 sắn,0,-1,0.000000000000000,,,-1,0,106.159994469000083,11.653782544000023,0.000000000000000
,500,Tân Hội.kmz/0 sắn,0,-1,0.000000000000000,,,-1,0,106.160733001000040,11.653546485000049,0.000000000000000
,501,Tân Hội.kmz/0 sắn,0,-1,0.000000000000000,,,-1,0,106.170084906000056,11.647756634000075,0.000000000000000
,502,Tân Hội.kmz/0 sắn,0,-1,0.000000000000000,,,-1,0,106.171564558000057,11.644198096000025,0.000000000000000
,503,Tân Hội.kmz/0 sắn,0,-1,0.000000000000000,,,-1,0,106.171194516000071,11.643654759000071,0.000000000000000
,504,Tân Hội.kmz/0 sắn,0,-1,0.000000000000000,,,-1,0,106.173660623000046,11.641831699000022,0.000000000000000
,505,Tân Hội.kmz/0 sắn,0,-1,0.000000000000000,,,-1,0,106.172656184000061,11.644508968000025,0.000000000000000
,506,Tân Hội.kmz/0 sắn,0,-1,0.000000000000000,,,-1,0,106.189711654000064,11.609885821000034,0.000000000000000
,507,Tân Hội.kmz/0 sắn,0,-1,0.000000000000000,,,-1,0,106.190347476000056,11.608808252000074,0.000000000000000
,508,Tân Hội.kmz/0 sắn,0,-1,0.000000000000000,,,-1,0,106.191031782000039,11.607252819000053,0.000000000000000
,509,Tân Hội.kmz/0 sắn,0,-1,0.000000000000000,,,-1,0,106.205922169000075,11.603271596000070,0.000000000000000
,510,Tân Hội.kmz/0 sắn,0,-1,0.000000000000000,,,-1,0,106.212703770000076,11.601482890000057,0.000000000000000
,511,Tân Hội.kmz/0 sắn,0,-1,0.000000000000000,,,-1,0,106.215528710000058,11.615746386000069,0.000000000000000
,512,Tân Hội.kmz/0 sắn,0,-1,0.000000000000000,,,-1,0,106.216551685000070,11.614566804000049,0.000000000000000
,513,Tân Hội.kmz/0 sắn,0,-1,0.000000000000000,,,-1,0,106.218682180000087,11.634659609000039,0.000000000000000
,514,Tân Hội.kmz/0 sắn,0,-1,0.000000000000000,,,-1,0,106.208311682000044,11.641690091000044,0.000000000000000
,515,Tân Hội.kmz/0 sắn,0,-1,0.000000000000000,,,-1,0,106.204751237000039,11.644541524000033,0.000000000000000
,516,Tân Hội.kmz/0 sắn,0,-1,0.000000000000000,,,-1,0,106.205621766000036,11.644718274000070,0.000000000000000
,517,Tân Hội.kmz/0 sắn,0,-1,0.000000000000000,,,-1,0,106.205156375000058,11.643722079000042,0.000000000000000
,518,Tân Hội.kmz/0 sắn,0,-1,0.000000000000000,,,-1,0,106.205526500000076,11.650215140000057,0.000000000000000
,519,Tân Hội.kmz/0 sắn,0,-1,0.000000000000000,,,-1,0,106.207483953000065,11.651983692000044,0.000000000000000
,520,Tân Hội.kmz/0 sắn,0,-1,0.000000000000000,,,-1,0,106.209857369000076,11.654222327000070,0.000000000000000
,521,Tân Hội.kmz/0 sắn,0,-1,0.000000000000000,,,-1,0,106.211958684000081,11.656952919000048,0.000000000000000
,522,Tân Hội.kmz/0 sắn,0,-1,0.000000000000000,,,-1,0,106.212123909000070,11.656858669000030,0.000000000000000
,523,Tân Hội.kmz/0 sắn,0,-1,0.000000000000000,,,-1,0,106.211387090000073,11.656376394000063,0.000000000000000
,524,Tân Hội.kmz/0 sắn,0,-1,0.000000000000000,,,-1,0,106.211786545000052,11.656260606000046,0.000000000000000
,525,Tân Hội.kmz/0 sắn,0,-1,0.000000000000000,,,-1,0,106.214258849000032,11.660496994000027,0.000000000000000
,526,Tân Hội.kmz/0 sắn,0,-1,0.000000000000000,,,-1,0,106.215784408000047,11.663784399000065,0.000000000000000
,527,Tân Hội.kmz/0 sắn,0,-1,0.000000000000000,,,-1,0,106.216272563000075,11.663120643000070,0.000000000000000
,528,Tân Hội.kmz/0 sắn,0,-1,0.000000000000000,,,-1,0,106.216434171000060,11.663730796000038,0.000000000000000
,529,Tân Hội.kmz/0 sắn,0,-1,0.000000000000000,,,-1,0,106.216482267000060,11.660652802000072,0.000000000000000
,530,Tân Hội.kmz/0 sắn,0,-1,0.000000000000000,,,-1,0,106.219299218000060,11.659171912000033,0.000000000000000
,531,Tân Hội.kmz/0 sắn,0,-1,0.000000000000000,,,-1,0,106.218791117000080,11.658279500000049,0.000000000000000
,532,Tân Hội.kmz/0 sắn,0,-1,0.000000000000000,,,-1,0,106.217505466000034,11.656182523000041,0.000000000000000
,533,Tân Hội.kmz/0 sắn,0,-1,0.000000000000000,,,-1,0,106.214706246000048,11.657153403000052,0.000000000000000
,534,Tân Hội.kmz/0 sắn,0,-1,0.000000000000000,,,-1,0,106.213978271000087,11.656503395000072,0.000000000000000
,535,Tân Hội.kmz/0 sắn,0,-1,0.000000000000000,,,-1,0,106.212005123000040,11.653773540000032,0.000000000000000
,536,Tân Hội.kmz/0 sắn,0,-1,0.000000000000000,,,-1,0,106.157531980000044,11.691287432000024,0.000000000000000
,537,Tân Hội.kmz/0 sắn,0,-1,0.000000000000000,,,-1,0,106.154927891000057,11.695080473000075,0.000000000000000
,538,Tân Hội.kmz/0 sắn,0,-1,0.000000000000000,,,-1,0,106.156242314000053,11.695630787000027,0.000000000000000
,539,Tân Hội.kmz/0 sắn,0,-1,0.000000000000000,,,-1,0,106.162247666000042,11.691994160000036,0.000000000000000
,540,Tân Hội.kmz/0 sắn,0,-1,0.000000000000000,,,-1,0,106.124320300000079,11.641439287000026,0.000000000000000
,541,Tân Hội.kmz/0 sắn,0,-1,0.000000000000000,,,-1,0,106.121757874000082,11.636566887000072,0.000000000000000
,542,Tân Hội.kmz/0 sắn,0,-1,0.000000000000000,,,-1,0,106.112492462000034,11.637288905000048,0.000000000000000
,543,Tân Hội.kmz/0 sắn,0,-1,0.000000000000000,,,-1,0,106.113558878000049,11.647845100000040,0.000000000000000
,544,Tân Hội.kmz/0 sắn,0,-1,0.000000000000000,,,-1,0,106.113857452000047,11.646418640000036,0.000000000000000
,545,Tân Hội.kmz/0 sắn,0,-1,0.000000000000000,,,-1,0,106.114250231000085,11.645612031000041,0.000000000000000
,546,Tân Hội.kmz/0 sắn,0,-1,0.000000000000000,,,-1,0,106.113649018000046,11.643806132000066,0.000000000000000
,547,Tân Hội.kmz/0 sắn,0,-1,0.000000000000000,,,-1,0,106.114228202000049,11.661419443000057,0.000000000000000
,548,Tân Hội.kmz/0 sắn,0,-1,0.000000000000000,,,-1,0,106.113279723000062,11.659356459000037,0.000000000000000
,549,Tân Hội.kmz/0 sắn,0,-1,0.000000000000000,,,-1,0,106.115278916000079,11.660200225000040,0.000000000000000
,550,Tân Hội.kmz/0 sắn,0,-1,0.000000000000000,,,-1,0,106.113481454000066,11.663030468000045,0.000000000000000
,551,Tân Hội.kmz/0 sắn,0,-1,0.000000000000000,,,-1,0,106.112571434000074,11.662475902000040,0.000000000000000
,552,Tân Hội.kmz/0 sắn,0,-1,0.000000000000000,,,-1,0,106.113206675000072,11.664292173000035,0.000000000000000
,553,Tân Hội.kmz/0 sắn,0,-1,0.000000000000000,,,-1,0,106.112499761000038,11.666073046000065,0.000000000000000
,554,Tân Hội.kmz/0 sắn,0,-1,0.000000000000000,,,-1,0,106.113596348000044,11.669843674000049,0.000000000000000
,555,Tân Hội.kmz/0 sắn,0,-1,0.000000000000000,,,-1,0,106.115197445000035,11.668309444000045,0.000000000000000
,556,Tân Hội.kmz/0 sắn,0,-1,0.000000000000000,,,-1,0,106.116067030000067,11.691411136000056,0.000000000000000
,557,Tân Hội.kmz/0 sắn,0,-1,0.000000000000000,,,-1,0,106.114430435000088,11.698134839000033,0.000000000000000
,558,Tân Hội.kmz/0 sắn,0,-1,0.000000000000000,,,-1,0,106.114831500000037,11.699107822000030,0.000000000000000
,559,Tân Hội.kmz/0 sắn,0,-1,0.000000000000000,,,-1,0,106.114880076000077,11.700071516000037,0.000000000000000
,560,Tân Hội.kmz/0 sắn,0,-1,0.000000000000000,,,-1,0,106.119614134000074,11.701977234000026,0.000000000000000
,561,Tân Hội.kmz/0 sắn,0,-1,0.000000000000000,,,-1,0,106.123080468000069,11.703653373000066,0.000000000000000
,562,Tân Hội.kmz/0 sắn,0,-1,0.000000000000000,,,-1,0,106.127024597000059,11.697593124000036,0.000000000000000
,563,Tân Hội.kmz/0 sắn,0,-1,0.000000000000000,,,-1,0,106.141819178000048,11.687062981000054,0.000000000000000
,564,Tân Hội.kmz/0 sắn,0,-1,0.000000000000000,,,-1,0,106.149942653000039,11.686018148000073,0.000000000000000
,565,Tân Hội.kmz/0 sắn,0,-1,0.000000000000000,,,-1,0,106.181585206000079,11.690596394000067,0.000000000000000
,566,Tân Hội.kmz/0 sắn,0,-1,0.000000000000000,,,-1,0,106.187602548000086,11.686552885000026,0.000000000000000
,567,Tân Hội.kmz/0 sắn,0,-1,0.000000000000000,,,-1,0,106.187715017000073,11.687381610000045,0.000000000000000
,568,Tân Hội.kmz/0 sắn,0,-1,0.000000000000000,,,-1,0,106.192683969000086,11.684744805000037,0.000000000000000
,569,Tân Hội.kmz/0 sắn,0,-1,0.000000000000000,,,-1,0,106.207501763000039,11.674629091000043,0.000000000000000
,570,Tân Hội.kmz/0 sắn,0,-1,0.000000000000000,,,-1,0,106.208774724000079,11.672893676000058,0.000000000000000
,571,Tân Hội.kmz/0 sắn,0,-1,0.000000000000000,,,-1,0,106.213121161000061,11.666162410000027,0.000000000000000
,572,Tân Hội.kmz/0 sắn,0,-1,0.000000000000000,,,-1,0,106.212440090000086,11.665142170000024,0.000000000000000
,573,Tân Hội.kmz/0 sắn,0,-1,0.000000000000000,,,-1,0,106.212458918000038,11.662465374000021,0.000000000000000
,574,Tân Hội.kmz/0 sắn,0,-1,0.000000000000000,,,-1,0,106.215730622000081,11.661641410000072,0.000000000000000
,575,Tân Hội.kmz/0 sắn,0,-1,0.000000000000000,,,-1,0,106.215401971000063,11.656204763000062,0.000000000000000
,576,Tân Hội.kmz/0 sắn,0,-1,0.000000000000000,,,-1,0,106.211349718000065,11.651473091000071,0.000000000000000
,577,Tân Hội.kmz/0 sắn,0,-1,0.000000000000000,,,-1,0,106.217825454000035,11.646066541000039,0.000000000000000
,578,Tân Hội.kmz/0 sắn,0,-1,0.000000000000000,,,-1,0,106.220374096000057,11.625254292000022,0.000000000000000
,579,Tân Hội.kmz/0 sắn,0,-1,0.000000000000000,,,-1,0,106.216447888000062,11.615346187000057,0.000000000000000
,580,Tân Hội.kmz/0 sắn,0,-1,0.000000000000000,,,-1,0,106.207469957000058,11.613826617000029,0.000000000000000
,581,Tân Hội.kmz/0 sắn,0,-1,0.000000000000000,,,-1,0,106.197700880000070,11.605044177000025,0.000000000000000
,582,Tân Hội.kmz/0 sắn,0,-1,0.000000000000000,,,-1,0,106.193658947000074,11.613866855000026,0.000000000000000
,583,Tân Hội.kmz/0 sắn,0,-1,0.000000000000000,,,-1,0,106.192847032000088,11.617905427000039,0.000000000000000
,584,Tân Hội.kmz/0 sắn,0,-1,0.000000000000000,,,-1,0,106.190103132000047,11.614700407000043,0.000000000000000
,585,Tân Hội.kmz/0 sắn,0,-1,0.000000000000000,,,-1,0,106.187548019000076,11.611485202000040,0.000000000000000
,586,Tân Hội.kmz/0 sắn,0,-1,0.000000000000000,,,-1,0,106.180804720000083,11.611508650000076,0.000000000000000
,587,Tân Hội.kmz/0 sắn,0,-1,0.000000000000000,,,-1,0,106.171120282000061,11.614939437000032,0.000000000000000
,588,Tân Hội.kmz/0 sắn,0,-1,0.000000000000000,,,-1,0,106.162624137000080,11.618865837000044,0.000000000000000
,589,Tân Hội.kmz/0 sắn,0,-1,0.000000000000000,,,-1,0,106.142266402000075,11.618401983000069,0.000000000000000
,590,Tân Hội.kmz/0 sắn,0,-1,0.000000000000000,,,-1,0,106.138154922000069,11.618789235000065,0.000000000000000
,591,Tân Hội.kmz/0 sắn,0,-1,0.000000000000000,,,-1,0,106.132753398000034,11.625149042000032,0.000000000000000
,592,Tân Hội.kmz/0 sắn,0,-1,0.000000000000000,,,-1,0,106.123107961000073,11.645574018000048,0.000000000000000
,593,Tân Hội.kmz/0 sắn,0,-1,0.000000000000000,,,-1,0,106.113300231000039,11.657528829000057,0.000000000000000
,594,Tân Hội.kmz/0 sắn,0,-1,0.000000000000000,,,-1,0,106.113787469000044,11.658148457000038,0.000000000000000
,595,Tân Hội.kmz/0 sắn,0,-1,0.000000000000000,,,-1,0,106.113538968000057,11.659844872000065,0.000000000000000
,596,Tân Hội.kmz/0 sắn,0,-1,0.000000000000000,,,-1,0,106.113945868000087,11.660057555000037,0.000000000000000
,597,Tân Hội.kmz/0 sắn,0,-1,0.000000000000000,,,-1,0,106.170169074000057,11.635297743000024,0.000000000000000
,598,Tân Hội.kmz/0 sắn,0,-1,0.000000000000000,,,-1,0,106.179475797000066,11.642124308000064,0.000000000000000
,599,Tân Hội.kmz/0 sắn,0,-1,0.000000000000000,,,-1,0,106.174785552000060,11.671107640000059,0.000000000000000
,600,Tân Hội.kmz/0 sắn,0,-1,0.000000000000000,,,-1,0,106.176248399000087,11.682354162000024,0.000000000000000
,601,Tân Hội.kmz/0 sắn,0,-1,0.000000000000000,,,-1,0,106.176545604000069,11.683164076000025,0.000000000000000
,602,Tân Hội.kmz/0 sắn,0,-1,0.000000000000000,,,-1,0,106.173076272000060,11.679306400000030,0.000000000000000
,603,Tân Hội.kmz/0 sắn,0,-1,0.000000000000000,,,-1,0,106.122294122000085,11.694608333000076,0.000000000000000
,604,Tân Hội.kmz/0 sắn,0,-1,0.000000000000000,,,-1,0,106.117448721000073,11.699581233000060,0.000000000000000
,605,Tân Hội.kmz/0 sắn,0,-1,0.000000000000000,,,-1,0,106.117411290000064,11.698825191000026,0.000000000000000
,606,Tân Hội.kmz/0 sắn,0,-1,0.000000000000000,,,-1,0,106.118214107000085,11.671355397000070,0.000000000000000
,607,Tân Hội.kmz/0 sắn,0,-1,0.000000000000000,,,-1,0,106.124548620000041,11.664524316000040,0.000000000000000
,608,Tân Hội.kmz/0 sắn,0,-1,0.000000000000000,,,-1,0,106.128556754000044,11.661215197000047,0.000000000000000
,609,Tân Hội.kmz/0 sắn,0,-1,0.000000000000000,,,-1,0,106.152720260000081,11.678261176000035,0.000000000000000
,610,Tân Hội.kmz/0 sắn,0,-1,0.000000000000000,,,-1,0,106.154799558000036,11.677828156000032,0.000000000000000
,611,Tân Hội.kmz/0 sắn,0,-1,0.000000000000000,,,-1,0,106.156716883000058,11.676690397000073,0.000000000000000
,612,Tân Hội.kmz/0 sắn,0,-1,0.000000000000000,,,-1,0,106.156260989000089,11.674074283000039,0.000000000000000
,613,Tân Hội.kmz/0 sắn,0,-1,0.000000000000000,,,-1,0,106.119925293000051,11.679062295000051,0.000000000000000